datetime,S,sigma,K,expiry,T_years,contracts,shares,opt_price_straddle,opt_value,delta_opt,gamma_opt,vega_1pct_opt,theta_day_opt,cash,equity
2021-01-07,379.1,,379.0,2021-02-05,,1.0,0.0,,0.0,0.0,0.0,0.0,0.0,100000.0,100000.0
2021-01-08,381.26,,379.0,2021-02-05,,1.0,0.0,,0.0,0.0,0.0,0.0,0.0,100000.0,100000.0
2021-01-11,378.69,,379.0,2021-02-05,,1.0,0.0,,0.0,0.0,0.0,0.0,0.0,100000.0,100000.0
2021-01-12,378.77,,379.0,2021-02-05,,1.0,0.0,,0.0,0.0,0.0,0.0,0.0,100000.0,100000.0
2021-01-13,379.79,,379.0,2021-02-05,,1.0,0.0,,0.0,0.0,0.0,0.0,0.0,100000.0,100000.0
2021-01-14,378.46,,379.0,2021-02-05,,1.0,0.0,,0.0,0.0,0.0,0.0,0.0,100000.0,100000.0
2021-01-15,375.7,,379.0,2021-02-05,,1.0,0.0,,0.0,0.0,0.0,0.0,0.0,100000.0,100000.0
2021-01-19,378.65,,379.0,2021-02-05,,1.0,0.0,,0.0,0.0,0.0,0.0,0.0,100000.0,100000.0
2021-01-20,383.89,,379.0,2021-02-05,,1.0,0.0,,0.0,0.0,0.0,0.0,0.0,100000.0,100000.0
2021-01-21,384.24,,379.0,2021-02-05,,1.0,0.0,,0.0,0.0,0.0,0.0,0.0,100000.0,100000.0
2021-01-22,382.88,,379.0,2021-02-05,,1.0,0.0,,0.0,0.0,0.0,0.0,0.0,100000.0,100000.0
2021-01-25,384.39,,379.0,2021-02-05,,1.0,0.0,,0.0,0.0,0.0,0.0,0.0,100000.0,100000.0
2021-01-26,383.79,,379.0,2021-02-05,,1.0,0.0,,0.0,0.0,0.0,0.0,0.0,100000.0,100000.0
2021-01-27,374.41,,379.0,2021-02-05,,1.0,0.0,,0.0,0.0,0.0,0.0,0.0,100000.0,100000.0
2021-01-28,377.63,,379.0,2021-02-05,,1.0,0.0,,0.0,0.0,0.0,0.0,0.0,100000.0,100000.0
2021-01-29,370.07,,379.0,2021-02-05,,1.0,0.0,,0.0,0.0,0.0,0.0,0.0,100000.0,100000.0
2021-02-01,376.23,,376.0,2021-03-03,,1.0,0.0,,0.0,0.0,0.0,0.0,0.0,100000.0,100000.0
2021-02-02,381.55,,376.0,2021-03-03,,1.0,0.0,,0.0,0.0,0.0,0.0,0.0,100000.0,100000.0
2021-02-03,381.85,,376.0,2021-03-03,,1.0,0.0,,0.0,0.0,0.0,0.0,0.0,100000.0,100000.0
2021-02-04,386.19,,376.0,2021-03-03,,1.0,0.0,,0.0,0.0,0.0,0.0,0.0,100000.0,100000.0
2021-02-05,387.71,0.19222055306222408,376.0,2021-03-03,0.07123287671232877,1.0,0.0,18.340430629414158,1834.0430629414159,46.70088449182417,3.302866383858088,67.98065053226901,-25.129381236235627,100000.0,101834.04306294142
2021-02-08,390.51,0.19469323924554416,376.0,2021-03-03,0.06301369863013699,1.0,0.0,19.215345585704085,1921.5345585704085,57.581927765133045,3.0377139424952593,56.832536044647256,-24.054153341459823,100000.0,101921.5345585704
2021-02-09,390.25,0.1960513808854995,376.0,2021-03-03,0.06027397260273973,1.0,0.0,18.897983064737133,1889.7983064737132,57.44944459458312,3.0921527947659,55.647606755875636,-24.794977607869704,100000.0,101889.79830647372
2021-02-10,390.08,0.19824450904804997,376.0,2021-03-03,0.057534246575342465,1.0,0.0,18.66875070267686,1866.875070267686,57.44844387578985,3.1313136277585754,54.345242794989105,-25.651538040451637,100000.0,101866.87507026769
2021-02-11,390.71,0.1937801572636938,376.0,2021-03-03,0.0547945205479452,1.0,0.0,18.560682548713842,1856.0682548713842,61.49956505338534,3.086988316464156,50.036909140385745,-24.240400305532766,100000.0,101856.06825487138
2021-02-12,392.64,0.1858516158616369,376.0,2021-03-03,0.052054794520547946,1.0,0.0,19.246377806965462,1924.6377806965463,70.27969670379358,2.7833922153921784,41.513616423245495,-20.303612348737797,100000.0,101924.63778069655
2021-02-16,392.3,0.19351559707120833,376.0,2021-03-03,0.0410958904109589,1.0,0.0,18.443075707131946,1844.3075707131945,72.92727948377325,2.8267945062035857,34.59754028768575,-22.317212219888976,100000.0,101844.3075707132
2021-02-17,392.39,0.1932426958478221,376.0,2021-03-03,0.038356164383561646,1.0,0.0,18.27914803961712,1827.9148039617119,74.83324911940687,2.785254777949421,31.786231971531777,-21.937346989367978,100000.0,101827.91480396171
2021-02-18,390.72,0.19712269387341685,376.0,2021-03-03,0.03561643835616438,1.0,0.0,16.953296248570503,1695.3296248570502,70.6681204271727,3.1601763326712313,33.87113222039256,-25.679880107024882,100000.0,101695.32962485706
2021-02-19,390.03,0.1945962167378645,376.0,2021-03-03,0.03287671232876712,1.0,0.0,16.12194675932095,1612.194675932095,70.89933052736566,3.3201169591759325,32.31262074446217,-26.19964062399074,100000.0,101612.1946759321
2021-02-22,387.03,0.20388278049889025,376.0,2021-03-03,0.024657534246575342,1.0,0.0,13.469001660708912,1346.9001660708911,64.19638815028166,4.220856612551235,31.78484160645258,-36.00212158022426,100000.0,101346.90016607089
2021-02-23,387.5,0.20165011615693615,376.0,2021-03-03,0.021917808219178082,1.0,0.0,13.365836161281294,1336.5836161281295,69.4199772940224,4.082657332754983,27.0945500236037,-34.147619746747516,100000.0,101336.58361612813
2021-02-24,391.77,0.19268825868878947,376.0,2021-03-03,0.019178082191780823,1.0,0.0,16.31799416087165,1631.799416087165,87.95849909608732,2.285127487755536,12.960841967806614,-17.838586213694573,100000.0,101631.79941608716
2021-02-25,382.33,0.23769066491600924,376.0,2021-03-03,0.01643835616438356,1.0,0.0,10.568871335612727,1056.8871335612725,42.66096695347341,5.844070187886298,33.37818276249353,-66.11402045420971,100000.0,101056.88713356128
2021-02-26,380.36,0.23159842689125348,376.0,2021-03-03,0.0136986301369863,1.0,0.0,8.907765111613926,890.7765111613926,33.92485960757998,7.02822823600836,32.2588052695104,-74.71088553809886,100000.0,100890.7765111614
2021-03-01,389.58,0.204582093639574,390.0,2021-03-31,0.0821917808219178,1.0,0.0,18.241627389035813,1824.1627389035812,0.8740460062273803,3.491688842942549,89.1096731559663,-30.38373916297622,99537.57792933195,101361.74066823554
2021-03-02,386.54,0.20714887739641,390.0,2021-03-31,0.07945205479452055,1.0,0.0,18.29637010865025,1829.637010865025,-9.822920859865292,3.5083468369062065,86.27383897810232,-30.81298084998712,99537.57792933195,101367.21494019698
2021-03-03,381.42,0.2228596853894897,390.0,2021-03-31,0.07671232876712329,1.0,0.0,20.21294603492248,2021.2946034922481,-25.824751215803452,3.2099035332048262,79.83541449122224,-31.77159885080946,99537.57792933195,101558.8725328242
2021-03-04,376.7,0.23666570242049367,390.0,2021-03-31,0.07397260273972603,1.0,0.0,22.47616584219864,2247.616584219864,-38.775104495341694,2.893914674165696,71.89243387740505,-31.508284004286974,99537.57792933195,101785.19451355182
2021-03-05,383.63,0.21656046951057728,390.0,2021-03-31,0.07123287671232877,1.0,0.0,18.55509976480738,1855.509976480738,-20.20668510100419,3.482367211590529,79.06046357158462,-32.925713674588955,99537.57792933195,101393.08790581269
2021-03-08,381.72,0.22141384300505104,390.0,2021-03-31,0.06301369863013699,1.0,0.0,18.368714234741844,1836.8714234741844,-27.98852839636574,3.5269143723301597,71.70088028422215,-34.512103153423304,99537.57792933195,101374.44935280613
2021-03-09,387.17,0.21517022020173815,390.0,2021-03-31,0.06027397260273973,1.0,0.0,16.531910146393955,1653.1910146393955,-8.874241316790593,3.8769836080651383,75.37187903589363,-36.85859956630001,99537.57792933195,101190.76894397134
2021-03-10,389.58,0.20696935985858278,390.0,2021-03-31,0.057534246575342465,1.0,0.0,15.441791637589773,1544.1791637589772,0.24875319707897137,4.1254566318470145,74.55861281533097,-36.74130563412614,99537.57792933195,101081.75709309093
2021-03-11,393.53,0.20450483986167778,390.0,2021-03-31,0.0547945205479452,1.0,0.0,15.22644849154625,1522.644849154625,16.801902504280957,4.141099935079619,71.86412203236544,-36.74140192007242,99537.57792933195,101060.22277848657
2021-03-12,394.06,0.19717669731714593,390.0,2021-03-31,0.052054794520547946,1.0,0.0,14.441613115719235,1444.1613115719235,19.950280707244982,4.359381857902686,69.4809812173224,-36.052711586279685,99537.57792933195,100981.73924090387
2021-03-15,396.41,0.19336401895462324,390.0,2021-03-31,0.043835616438356165,1.0,0.0,13.71627085723091,1371.627085723091,32.76475752391084,4.546390020089594,60.556208445181895,-36.59184949254459,99537.57792933195,100909.20501505503
2021-03-16,395.91,0.1919416011610025,390.0,2021-03-31,0.0410958904109589,1.0,0.0,13.098977226584253,1309.8977226584252,31.524748154873887,4.769622164348745,58.97180592535114,-37.73047617555931,99537.57792933195,100847.47565199037
2021-03-17,397.26,0.18869925033013696,390.0,2021-03-31,0.038356164383561646,1.0,0.0,13.022213614867411,1302.221361486741,39.52356490597419,4.753464823901124,54.29568379685917,-36.59126724510532,99537.57792933195,100839.79929081869
2021-03-18,391.48,0.2056949040855234,390.0,2021-03-31,0.03561643835616438,1.0,0.0,12.159338654474482,1215.9338654474482,9.3125510772047,5.214469149125396,58.54681607926801,-46.318391222837754,99537.57792933195,100753.51179477939
2021-03-19,389.48,0.20223719654358857,390.0,2021-03-31,0.03287671232876712,1.0,0.0,11.409937199739971,1140.993719973997,-1.4401280589681986,5.585716936244362,56.33764178645665,-47.47319472820801,99537.57792933195,100678.57164930594
2021-03-22,392.59,0.18972788120470252,390.0,2021-03-31,0.024657534246575342,1.0,0.0,9.529696498455564,952.9696498455564,18.739682455321006,6.6327066726312,47.824458269448115,-50.40907298458392,99537.57792933195,100490.54757917751
2021-03-23,389.5,0.19921081189968945,390.0,2021-03-31,0.021917808219178082,1.0,0.0,9.179784562306736,917.9784562306736,-2.2937674782600617,6.942911366643137,45.99033500665073,-57.261074851335,99537.57792933195,100455.55638556262
2021-03-24,387.52,0.20324519868528684,390.0,2021-03-31,0.019178082191780823,1.0,0.0,8.95358173812457,895.3581738124569,-16.83400703215405,7.151724099690051,41.86243297893888,-60.773846487528125,99537.57792933195,100432.93610314441
2021-03-25,389.7,0.18639614142846422,390.0,2021-03-31,0.01643835616438356,1.0,0.0,7.437353708180638,743.7353708180638,-1.61568597597197,8.56553496294459,39.857550723681435,-61.91078051402926,99537.57792933195,100281.31330015001
2021-03-26,395.98,0.1832575132249205,390.0,2021-03-31,0.0136986301369863,1.0,0.0,8.350195081933848,835.0195081933848,52.85882823353298,7.248360430511252,28.531539922008477,-52.286190545848164,99537.57792933195,100372.59743752533
2021-03-29,395.78,0.18642594114839878,390.0,2021-03-31,0.005479452054794521,1.0,0.0,6.575329065047555,657.5329065047555,71.67198700454523,8.21509808927303,13.145100690675235,-61.26469419373992,99537.57792933195,100195.1108358367
2021-03-30,394.73,0.17854356205843816,390.0,2021-03-31,0.0027397260273972603,1.0,0.0,5.0710621212336235,507.10621212336235,80.4555220549958,9.355861716012427,7.130753008592248,-63.657502115649244,99537.57792933195,100044.6841414553
2021-03-31,396.33,0.1734512443752726,396.0,2021-04-30,0.0821917808219178,1.0,0.0,15.718965123643244,1571.8965123643243,3.3194126002623783,4.044971328971307,90.58059150887595,-26.18552718910464,98598.68141696762,100170.57792933195
2021-04-01,400.61,0.15806170056318414,401.0,2021-04-30,0.07945205479452055,1.0,0.0,14.250169592355945,1425.0169592355946,0.0348382912570111,4.470324167240746,90.09783862558422,-24.553478603839956,98636.95387021435,100061.97082944994
2021-04-05,406.36,0.1594300810092794,401.0,2021-04-30,0.0684931506849315,1.0,0.0,14.11279954856559,1411.279954856559,26.545929777333615,4.442904727906901,80.11361237002666,-25.545039420198723,98636.95387021435,100048.2338250709
2021-04-06,406.12,0.15964110010291382,401.0,2021-04-30,0.06575342465753424,1.0,0.0,13.80809808244507,1380.8098082445072,25.890077822736362,4.5444085518212125,78.67725741993507,-26.1669248491637,98636.95387021435,100017.76367845885
2021-04-07,406.59,0.15115253016780875,401.0,2021-04-30,0.06301369863013699,1.0,0.0,13.02845702399972,1302.8457023999722,29.889585767593154,4.804620309843307,75.65242466413227,-24.858816089811146,98636.95387021435,99939.79957261431
2021-04-08,408.52,0.14969406670184007,401.0,2021-04-30,0.06027397260273973,1.0,0.0,13.353054719216559,1335.305471921656,39.966895259073034,4.632879459235917,69.76089606643494,-23.733618702156917,98636.95387021435,99972.259342136
2021-04-09,411.49,0.14732700902101162,401.0,2021-04-30,0.057534246575342465,1.0,0.0,14.382293055571239,1438.229305557124,54.57897630805899,4.146730217556128,59.515920472988334,-20.87691083908991,98636.95387021435,100075.18317577147
2021-04-12,411.64,0.1487066290599908,401.0,2021-04-30,0.049315068493150684,1.0,0.0,13.905280559457097,1390.5280559457096,58.17842437681144,4.229612970264853,52.55883592190833,-21.71068699240039,98636.95387021435,100027.48192616005
2021-04-13,412.86,0.14683102282051116,401.0,2021-04-30,0.04657534246575343,1.0,0.0,14.356912173058618,1435.6912173058618,65.05505620903168,3.936757616952808,45.89001228016933,-19.81787482453847,98636.95387021435,100072.64508752021
2021-04-14,411.45,0.14929092622629475,401.0,2021-04-30,0.043835616438356165,1.0,0.0,13.380103862032229,1338.0103862032229,59.835067666678434,4.36453890617789,48.35406981661354,-22.558824592916118,98636.95387021435,99974.96425641757
2021-04-15,415.87,0.14835561726181215,401.0,2021-04-30,0.0410958904109589,1.0,0.0,16.21800781601135,1621.800781601135,77.96985707354169,3.009787375989002,31.73608791484105,-15.694089706937934,98636.95387021435,100258.75465181548
2021-04-16,417.26,0.13937241477163487,401.0,2021-04-30,0.038356164383561646,1.0,0.0,16.982562559623254,1698.2562559623254,85.839789987301,2.3784855257536845,22.137369612632313,-11.01906664144563,98636.95387021435,100335.21012617667
2021-04-19,415.21,0.1455303771540826,401.0,2021-04-30,0.030136986301369864,1.0,0.0,15.002729276065729,1500.272927606573,83.57719863798559,2.8908115043509817,21.8579213604024,-14.459052451743815,98636.95387021435,100137.22679782091
2021-04-20,412.17,0.15577992761568313,401.0,2021-04-30,0.0273972602739726,1.0,0.0,12.709363071235288,1270.9363071235289,71.91529613866305,4.197196679233647,30.432015071021105,-23.70348552481523,98636.95387021435,99907.89017733787
2021-04-21,416.07,0.14688891427652975,401.0,2021-04-30,0.024657534246575342,1.0,0.0,15.508499160754383,1550.8499160754382,89.28154996306765,2.271215574455665,14.240650539429343,-11.621076090712522,98636.95387021435,100187.80378628979
2021-04-22,412.27,0.1562322140037296,401.0,2021-04-30,0.021917808219178082,1.0,0.0,12.328786038386973,1232.8786038386972,77.36822100234137,4.024548517555783,23.423314182611392,-22.871726462839607,98636.95387021435,99869.83247405305
2021-04-23,416.74,0.1491767326943577,401.0,2021-04-30,0.019178082191780823,1.0,0.0,15.945072023329208,1594.5072023329208,93.90697428474178,1.6009435533181615,7.954495873970352,-8.475897890783191,98636.95387021435,100231.46107254727
2021-04-26,417.61,0.14691342553491255,401.0,2021-04-30,0.010958904109589041,1.0,0.0,16.626264138442306,1662.6264138442305,99.18712843986262,0.37422308233994084,1.0507537845438601,-1.9296229735138992,98636.95387021435,100299.58028405858
2021-04-27,417.52,0.1463881009351119,401.0,2021-04-30,0.00821917808219178,1.0,0.0,16.5235762292661,1652.3576229266102,99.7700662757357,0.13810995934407505,0.28967681194516426,-0.7067539730931688,98636.95387021435,100289.31149314095
2021-04-28,417.4,0.14418957388798165,401.0,2021-04-30,0.005479452054794521,1.0,0.0,16.400179491823916,1640.0179491823917,99.9830631641716,0.015199592515854754,0.020922222879057876,-0.07541916004301838,98636.95387021435,100276.97181939674
2021-04-29,420.06,0.14645251888231947,401.0,2021-04-30,0.0027397260273972603,1.0,0.0,19.06000000068266,1906.000000068266,99.99999986514452,2.6043185917082254e-07,1.8438294551982616e-07,-1.3501673405160014e-06,98636.95387021435,100542.95387028261
2021-04-30,417.3,0.15281133397236785,417.0,2021-05-28,0.07671232876712329,1.0,0.0,14.088044849961136,1408.8044849961136,3.04350462176704,4.514268851505824,92.15203358861304,-25.1462056802543,98858.14938521823,100266.95387021435
2021-05-03,418.2,0.14675917603476332,418.0,2021-06-02,0.0821917808219178,1.0,0.0,14.035753057777015,1403.5753057777015,2.585211014887223,4.5321943945537235,95.61152414202655,-23.386447504186165,98737.8372666984,100141.41257247611
2021-05-04,415.62,0.15525797463757918,418.0,2021-06-02,0.07945205479452055,1.0,0.0,14.676596248428893,1467.6596248428893,-8.647658943463178,4.360902043372207,92.92407729086068,-24.874489715939465,98737.8372666984,100205.49689154129
2021-05-05,415.75,0.15329665182164562,418.0,2021-06-02,0.07671232876712329,1.0,0.0,14.235351641382834,1423.5351641382836,-8.433061442667084,4.494772669516083,91.36294360927226,-25.01005956405581,98737.8372666984,100161.3724308367
2021-05-06,419.07,0.14964205352515794,418.0,2021-06-02,0.07397260273972603,1.0,0.0,13.617159902048172,1361.7159902048172,6.6279432584644695,4.661895234579509,90.62754439936116,-25.114244166412647,98737.8372666984,100099.55325690322
2021-05-07,422.12,0.13944457458593404,418.0,2021-06-02,0.07123287671232877,1.0,0.0,12.903522732518013,1290.3522732518013,22.217081961652486,4.880626630745787,86.38325197607286,-23.164761198371203,98737.8372666984,100028.18953995021
2021-05-10,417.94,0.16037790719215061,418.0,2021-06-02,0.06301369863013699,1.0,0.0,13.425195933006108,1342.5195933006107,1.321536517411026,4.741377333894061,83.69738889281942,-29.18089580016941,98737.8372666984,100080.35685999901
2021-05-11,414.21,0.17547635060860875,418.0,2021-06-02,0.06027397260273973,1.0,0.0,14.620285321456379,1462.0285321456379,-15.060023482237412,4.391435471703266,79.68857757856881,-31.780592678814223,98737.8372666984,100199.86579884404
2021-05-12,405.41,0.2194498118367654,418.0,2021-06-02,0.057534246575342465,1.0,0.0,20.12691959716625,2012.691959716625,-42.08861363095833,3.205808777219373,66.52550356640317,-34.75954580950773,98737.8372666984,100750.52922641503
2021-05-13,410.28,0.19328079105153417,418.0,2021-06-02,0.0547945205479452,1.0,0.0,16.19983179035978,1619.983179035978,-30.30234025991405,3.9845113275240887,71.03323358165463,-34.32339894402652,98737.8372666984,100357.82044573438
2021-05-14,416.58,0.17167025815757156,418.0,2021-06-02,0.052054794520547946,1.0,0.0,13.089121040510122,1308.9121040510122,-5.3655036154303115,4.8790219411553055,75.66332096897823,-34.181952220536026,98737.8372666984,100046.74937074941
2021-05-17,415.52,0.17681076142873514,418.0,2021-06-02,0.043835616438356165,1.0,0.0,12.46769311242997,1246.769311242997,-11.310819670806938,5.1349073535632215,68.71511686633302,-37.967412921252695,98737.8372666984,99984.6065779414
2021-05-18,411.94,0.18690843354872005,418.0,2021-06-02,0.0410958904109589,1.0,0.0,13.464915065022893,1346.4915065022892,-28.599008276940708,4.779848323068296,62.303054226304496,-38.81655423579845,98737.8372666984,100084.3287732007
2021-05-19,410.86,0.19030839378043712,418.0,2021-06-02,0.038356164383561646,1.0,0.0,13.617238756422012,1361.7238756422012,-34.26826344244957,4.722113054015831,58.185828040219114,-39.54732669685293,98737.8372666984,100099.56114234061
2021-05-20,415.28,0.1819048975842376,418.0,2021-06-02,0.03561643835616438,1.0,0.0,11.617380089949222,1161.7380089949222,-13.735188905812468,5.513534453451855,61.60372939468548,-43.100077255182114,98737.8372666984,99899.57527569334
2021-05-21,414.94,0.17665769017661148,418.0,2021-06-02,0.03287671232876712,1.0,0.0,10.922204530117227,1092.2204530117228,-16.89601888267111,5.868028047789623,58.6791366599992,-43.19216976630492,98737.8372666984,99830.05771971012
2021-05-24,419.17,0.1680065191697754,418.0,2021-06-02,0.024657534246575342,1.0,0.0,8.860136935661245,886.0136935661245,9.483629791446052,7.164181871463025,52.146212088086465,-48.67168656004596,98737.8372666984,99623.85096026454
2021-05-25,418.24,0.1707465149523005,418.0,2021-06-02,0.021917808219178082,1.0,0.0,8.435130139922165,843.5130139922165,2.819634109335106,7.542108778715847,49.37338401116116,-52.68958282067126,98737.8372666984,99581.35028069062
2021-05-26,419.07,0.1619253065855445,418.0,2021-06-02,0.019178082191780823,1.0,0.0,7.536855893453577,753.6855893453577,9.965061703697508,8.424250925334333,45.9435280449316,-53.13871331640794,98737.8372666984,99491.52285604377
2021-05-27,419.29,0.15747605903138595,418.0,2021-06-02,0.01643835616438356,1.0,0.0,6.822459534312117,682.2459534312117,12.925424625741483,9.30106887764037,42.328686629607034,-55.54795628670862,98737.8372666984,99420.08322012961
2021-05-28,420.04,0.156804845129039,418.0,2021-06-02,0.0136986301369863,1.0,0.0,6.350364040343095,635.0364040343095,21.626307571514182,9.967699360466089,37.775728460807365,-59.2341725093353,98737.8372666984,99372.87367073272
2021-06-01,419.67,0.16360070507773433,420.0,2021-07-01,0.0821917808219178,1.0,0.0,15.712280755777783,1571.2280755777783,0.5340122421100657,4.053433414906081,95.995849109505,-26.174980998084692,97483.2493736151,99054.47744919287
2021-06-02,420.33,0.1602904983789631,420.0,2021-07-01,0.07945205479452055,1.0,0.0,15.147778346693315,1514.7778346693315,3.188622119396922,4.197999108612642,94.45740937523423,-26.10452624886557,97483.2493736151,98998.02720828443
2021-06-03,418.77,0.1639837933713019,420.0,2021-07-01,0.07671232876712329,1.0,0.0,15.228362044833574,1522.8362044833575,-3.3393610044884836,4.191315948481452,92.46292316514021,-27.075751583605207,97483.2493736151,99006.08557809846
2021-06-04,422.6,0.15461908151473908,420.0,2021-07-01,0.07397260273972603,1.0,0.0,14.286985550748653,1428.6985550748655,13.324270800199583,4.426896758043335,90.42580171887597,-25.891767420382443,97483.2493736151,98911.94792868996
2021-06-07,422.19,0.15370128960300727,420.0,2021-07-01,0.06575342465753424,1.0,0.0,13.356340617597908,1335.6340617597907,12.054656471030528,4.740244345365325,85.39107917948382,-27.343164563498267,97483.2493736151,98818.88343537488
2021-06-08,422.28,0.15555739145637335,420.0,2021-07-01,0.06301369863013699,1.0,0.0,13.246284084988844,1324.6284084988843,12.56759620802461,4.77858130859497,83.52675879432464,-28.24609720619745,97483.2493736151,98807.87778211398
2021-06-09,421.65,0.15867673805649585,420.0,2021-07-01,0.06027397260273973,1.0,0.0,13.1457185325568,1314.5718532556798,9.561673422472339,4.822545009862192,82.00183660215419,-29.57223624243544,97483.2493736151,98797.82122687077
2021-06-10,423.61,0.1357346389904152,420.0,2021-07-01,0.057534246575342465,1.0,0.0,11.333237856789168,1133.323785678917,21.987089477350686,5.564148546246539,77.9737185053499,-25.199367933485533,97483.2493736151,98616.57315929401
2021-06-11,424.31,0.1302232610027743,420.0,2021-07-01,0.0547945205479452,1.0,0.0,10.837705490022444,1083.7705490022445,27.378878906385573,5.8019408479687655,74.53590500122371,-24.265771527630868,97483.2493736151,98567.01992261734
2021-06-14,425.26,0.12854005725643122,420.0,2021-07-01,0.04657534246575343,1.0,0.0,10.28002662744268,1028.002662744268,35.62968322543898,6.077351506486037,65.79879977267485,-24.875827912306118,97483.2493736151,98511.25203635936
2021-06-15,424.48,0.1321575023077063,420.0,2021-07-01,0.043835616438356165,1.0,0.0,9.998607486310021,999.8607486310021,30.88481974020476,6.2777301579047675,65.52937860332364,-27.063121887472818,97483.2493736151,98483.1101222461
2021-06-16,422.11,0.13709692001659501,420.0,2021-07-01,0.0410958904109589,1.0,0.0,9.488019585045322,948.8019585045322,15.398488614823963,6.674176126073752,67.00003626426118,-30.6183287094346,97483.2493736151,98432.05133211962
2021-06-17,421.97,0.13421727529971142,420.0,2021-07-01,0.038356164383561646,1.0,0.0,8.968706370165364,896.8706370165364,15.160394204684824,7.063126956150706,64.74463003636508,-31.035170834888486,97483.2493736151,98380.12001063162
2021-06-18,414.92,0.15888616009377463,420.0,2021-07-01,0.03561643835616438,1.0,0.0,10.798608187423355,1079.8608187423356,-30.408159117773437,5.941478393211814,57.884170980838114,-35.373052528295645,97483.2493736151,98563.11019235743
2021-06-21,420.86,0.14745568564372966,420.0,2021-07-01,0.0273972602739726,1.0,0.0,8.21598539192567,821.598539192567,7.648924109373656,7.731888380457484,55.32603357153626,-40.79069107119441,97483.2493736151,98304.84791280766
2021-06-22,423.11,0.13821308176705988,420.0,2021-07-01,0.024657534246575342,1.0,0.0,7.717489553945967,771.7489553945967,27.424465777509617,8.170412077275275,49.848183397124785,-38.27595026559003,97483.2493736151,98254.99832900969
2021-06-23,422.6,0.13604861571036664,420.0,2021-07-01,0.021917808219178082,1.0,0.0,7.085774800969517,708.5774800969517,24.83557654629455,8.915990434408696,47.480996935387125,-40.373274410047365,97483.2493736151,98191.82685371205
2021-06-24,425.1,0.13466629271169872,420.0,2021-07-01,0.019178082191780823,1.0,0.0,7.56005521833508,756.005521833508,48.85108247757497,8.113211436322896,37.8650979022899,-36.42251684047787,97483.2493736151,98239.2548954486
2021-06-25,426.61,0.13277129347237782,420.0,2021-07-01,0.01643835616438356,1.0,0.0,8.011928760515303,801.1928760515303,64.54693213392892,7.1571914764661555,28.429372302616006,-31.45503777688432,97483.2493736151,98284.44224966662
2021-06-28,427.47,0.13362397487798516,420.0,2021-07-01,0.00821917808219178,1.0,0.0,7.802912381705951,780.2912381705951,85.60700479772869,5.297034112467828,10.630576787724118,-23.674998760355663,97483.2493736151,98263.54061178569
2021-06-29,427.7,0.13510032563196678,420.0,2021-07-01,0.005479452054794521,1.0,0.0,7.816042514984877,781.6042514984878,93.14882875838526,3.549860824162902,4.807102183894928,-16.23602675975858,97483.2493736151,98264.85362511358
2021-06-30,428.06,0.13394931545290345,420.0,2021-07-01,0.0027397260273972603,1.0,0.0,8.066076494068907,806.6076494068907,99.33660181412844,0.6673864054175689,0.44878081633572925,-3.0056941568283064,97483.2493736151,98289.85702302198
2021-07-01,430.43,0.1317280578561927,430.0,2021-07-30,0.07945205479452055,1.0,0.0,12.749372470230497,1274.9372470230496,3.6278335725413946,4.987207560418401,96.70433252546663,-21.96323087906752,97251.31212659205,98526.2493736151
2021-07-02,433.72,0.12869220782820862,430.0,2021-07-30,0.07671232876712329,1.0,0.0,12.638172848000437,1263.8172848000436,20.47421781727028,4.990272323430099,92.67456641504434,-21.297311716917875,97251.31212659205,98515.12941139209
2021-07-06,432.93,0.1370384017702391,430.0,2021-07-30,0.06575342465753424,1.0,0.0,12.321796337702722,1232.1796337702722,16.697321136025245,5.1294366557143505,86.62947771099194,-24.732427441051843,97251.31212659205,98483.49176036232
2021-07-07,434.46,0.13569565959193816,430.0,2021-07-30,0.06301369863013699,1.0,0.0,12.281574246148864,1228.1574246148864,25.100148402845267,5.122435250310637,82.67553255882355,-24.388502005835473,97251.31212659205,98479.46955120693
2021-07-08,430.92,0.15467976174165826,430.0,2021-07-30,0.06027397260273973,1.0,0.0,13.062676490746384,1306.2676490746385,5.999842059443727,4.861998422071457,84.17273265641593,-29.590495982815256,97251.31212659205,98557.57977566669
2021-07-09,435.52,0.13970708379217822,430.0,2021-07-30,0.057534246575342465,1.0,0.0,12.398542311857028,1239.8542311857027,30.892515782342578,5.051932041988153,77.02266914002934,-25.620505932007852,97251.31212659205,98491.16635777775
2021-07-12,437.08,0.1397598705938733,430.0,2021-07-30,0.049315068493150684,1.0,0.0,12.188223171444434,1218.8223171444433,41.1979512339333,5.079088334137935,66.8759193464605,-25.962693982521184,97251.31212659205,98470.13444373649
2021-07-13,435.59,0.14599816814079186,430.0,2021-07-30,0.04657534246575343,1.0,0.0,11.781497685932237,1178.1497685932236,32.96623246215296,5.309920765891365,68.50894916814698,-29.418179646470836,97251.31212659205,98429.46189518528
2021-07-14,436.24,0.14102005723326871,430.0,2021-07-30,0.043835616438356165,1.0,0.0,11.394044043528652,1139.4044043528652,38.48448246812723,5.459328403723239,64.22412470141701,-28.302780441095045,97251.31212659205,98390.71653094492
2021-07-15,434.75,0.14445849538312291,430.0,2021-07-30,0.0410958904109589,1.0,0.0,10.805052033671785,1080.5052033671786,30.330365537280553,5.8085359494094275,65.17594617622929,-31.384063732631617,97251.31212659205,98331.81732995923
2021-07-16,431.34,0.15508667935847759,430.0,2021-07-30,0.038356164383561646,1.0,0.0,10.491333152460896,1049.1333152460898,9.363630485516584,6.048167394622643,66.93803187138599,-37.07570387758997,97251.31212659205,98300.44544183814
2021-07-19,424.97,0.17775416649653725,430.0,2021-07-30,0.030136986301369864,1.0,0.0,11.280733324524022,1128.0733324524022,-28.554883982314937,5.690392815691761,55.052672081280804,-44.481099269160254,97251.31212659205,98379.38545904445
2021-07-20,431.06,0.161143350082522,430.0,2021-07-30,0.0273972602739726,1.0,0.0,9.201136085668026,920.1136085668026,8.413499579469057,6.901013653531578,56.611916770020784,-45.613169614570296,97251.31212659205,98171.42573515885
2021-07-21,434.55,0.15095351634032947,430.0,2021-07-30,0.024657534246575342,1.0,0.0,8.968380324975186,896.8380324975186,35.1543416606719,6.981485859903206,49.07047367976447,-41.15200305803353,97251.31212659205,98148.15015908956
2021-07-22,435.46,0.1494765877411843,430.0,2021-07-30,0.021917808219178082,1.0,0.0,8.849778886920205,884.9778886920205,43.89224416010309,6.992920874322843,43.44356419202455,-40.58622334211831,97251.31212659205,98136.29001528407
2021-07-23,439.94,0.14788741241155517,430.0,2021-07-30,0.019178082191780823,1.0,0.0,11.12457845624116,1112.457845624116,73.98795334987783,4.697264138212877,25.785067279570285,-27.237763420239343,97251.31212659205,98363.76997221616
2021-07-26,441.02,0.15009928193898037,430.0,2021-07-30,0.010958904109589041,1.0,0.0,11.330320188302966,1133.0320188302967,89.44012253403844,3.108396809770106,9.944862111709606,-18.6589582743723,97251.31212659205,98384.34414542235
2021-07-27,439.01,0.16163921455100688,430.0,2021-07-30,0.00821917808219178,1.0,0.0,9.461616691551356,946.1616691551355,84.50953469819882,4.509786341328432,11.547285789215723,-31.108236752747214,97251.31212659205,98197.47379574718
2021-07-28,438.83,0.1553942225719065,430.0,2021-07-30,0.005479452054794521,1.0,0.0,8.984899505760556,898.4899505760555,92.37509036827353,3.2834197222318386,5.3838260743694155,-20.915386682224863,97251.31212659205,98149.8020771681
2021-07-29,440.65,0.15190649811890933,430.0,2021-07-30,0.0027397260273972603,1.0,0.0,10.65201008931868,1065.2010089318678,99.79367763051769,0.1977713119119686,0.1598211793226724,-1.2138937838070705,97251.31212659205,98316.51313552391
2021-07-30,438.51,0.15556096778062084,439.0,2021-08-27,0.07671232876712329,1.0,0.0,15.08716385170166,1508.7163851701662,-0.3492724219814336,4.223020396046122,96.90540155951557,-26.91910366029987,96593.59574142189,98102.31212659205
2021-08-02,437.59,0.1619461873334836,438.0,2021-09-01,0.0821917808219178,1.0,0.0,16.219785224203434,1621.9785224203433,0.24281425919636113,3.9272245917181503,100.0966710673127,-27.017123740208522,96457.95264582893,98079.93116824927
2021-08-03,441.15,0.15455298916805366,438.0,2021-09-01,0.07945205479452055,1.0,0.0,15.484276600442286,1548.4276600442286,14.77715791767657,4.080271617383588,97.50888356653911,-25.98325763042814,96457.95264582893,98006.38030587316
2021-08-04,438.98,0.1546842068128019,438.0,2021-09-01,0.07671232876712329,1.0,0.0,15.008434550903331,1500.843455090333,5.866137534493854,4.230979207468781,96.74788973670935,-26.723876044170186,96457.95264582893,97958.79610091927
2021-08-05,441.76,0.14933801940327737,438.0,2021-09-01,0.07397260273972603,1.0,0.0,14.56889899637818,1456.889899637818,18.249807068603218,4.329969055084262,93.34667608708746,-25.81519949023133,96457.95264582893,97914.84254546674
2021-08-06,442.49,0.1403732428950847,438.0,2021-09-01,0.07123287671232877,1.0,0.0,13.643878154841588,1364.3878154841586,22.891761997148308,4.61348287589507,90.32347759674808,-24.38269126887896,96457.95264582893,97822.34046131308
2021-08-09,442.13,0.1436437093844867,438.0,2021-09-01,0.06301369863013699,1.0,0.0,13.086471961672089,1308.647196167209,21.922100730600075,4.81467799925462,85.19003543823244,-26.602201506399087,96457.95264582893,97766.59984199614
2021-08-10,442.68,0.14365643456849708,438.0,2021-09-01,0.06027397260273973,1.0,0.0,12.949024112172111,1294.902411217211,25.026196033531978,4.856967015422278,82.41378425685267,-26.907432740083614,96457.95264582893,97752.85505704614
2021-08-11,443.78,0.1393329464550966,438.0,2021-09-01,0.057534246575342465,1.0,0.0,12.649187414007656,1264.9187414007656,31.744707307174934,4.948047983564105,78.11772835844414,-25.915174434668764,96457.95264582893,97722.8713872297
2021-08-12,445.11,0.1361210656899358,438.0,2021-09-01,0.0547945205479452,1.0,0.0,12.628873702104926,1262.8873702104925,39.78359836502155,4.911003687081048,72.57172308329407,-24.696350712632256,96457.95264582893,97720.84001603942
2021-08-13,445.92,0.13307531672498052,438.0,2021-09-01,0.052054794520547946,1.0,0.0,12.518563045167227,1251.8563045167227,45.50982254908911,4.906414532462273,67.58283187520642,-23.667386202537376,96457.95264582893,97709.80895034566
2021-08-16,446.97,0.12864355990382226,438.0,2021-09-01,0.043835616438356165,1.0,0.0,12.081727243492068,1208.1727243492069,55.640785224485526,4.941975342098287,55.67657248484322,-22.382601524041977,96457.95264582893,97666.12537017814
2021-08-17,444.04,0.13675482849041104,438.0,2021-09-01,0.0410958904109589,1.0,0.0,10.921623377571535,1092.1623377571536,38.84628248545747,5.697240911492081,63.13204189081394,-28.778705203425687,96457.95264582893,97550.11498358609
2021-08-18,439.18,0.16195755739966375,438.0,2021-09-01,0.038356164383561646,1.0,0.0,11.139297818107252,1113.9297818107252,8.019609832864722,5.698723243234888,68.2808728734789,-39.49501209894858,96457.95264582893,97571.88242763966
2021-08-19,439.86,0.1625112187724643,438.0,2021-09-01,0.03561643835616438,1.0,0.0,10.842910123002639,1084.291012300264,12.199879957808596,5.8452122645394535,65.45804975241091,-40.91410555281885,96457.95264582893,97542.2436581292
2021-08-20,443.36,0.14252121906382573,438.0,2021-09-01,0.03287671232876712,1.0,0.0,10.074248900114611,1007.4248900114611,37.13288372627281,6.195498341461411,57.0633379014987,-33.886402006552515,96457.95264582893,97465.3775358404
2021-08-23,447.26,0.13616338373861547,438.0,2021-09-01,0.024657534246575342,1.0,0.0,10.902552174820414,1090.2552174820414,67.74191119248174,5.1153616886584095,34.35630469994192,-25.989281670549953,96457.95264582893,97548.20786331098
2021-08-24,447.97,0.13564866220441502,438.0,2021-09-01,0.021917808219178082,1.0,0.0,11.141520103754544,1114.1520103754544,74.18587896831727,4.679627161766224,27.920407479108956,-23.671037017145455,96457.95264582893,97572.10465620439
2021-08-25,448.91,0.1330308295889056,438.0,2021-09-01,0.019178082191780823,1.0,0.0,11.599420415699633,1159.9420415699633,82.12798761729493,3.9063638311723983,20.08393120038204,-19.084157349952342,96457.95264582893,97617.89468739889
2021-08-26,446.26,0.14648366878512678,438.0,2021-09-01,0.01643835616438356,1.0,0.0,9.65736833628418,965.7368336284179,68.47005207694363,5.750084241062262,27.573870022918783,-33.659347029678095,96457.95264582893,97423.68947945735
2021-08-27,450.25,0.13268005787855072,438.0,2021-09-01,0.0136986301369863,1.0,0.0,12.45894860007013,1245.894860007013,92.55853991488603,2.3237742034459203,8.562176209995272,-11.360300351085229,96457.95264582893,97703.84750583595
2021-08-30,452.23,0.13134371720776386,438.0,2021-09-01,0.005479452054794521,1.0,0.0,14.231150705619635,1423.1150705619634,99.90098667174283,0.08010134612308253,0.11789760623058523,-0.38712774630555713,96457.95264582893,97881.0677163909
2021-08-31,451.56,0.1319319288207137,438.0,2021-09-01,0.0027397260273972603,1.0,0.0,13.560006437804095,1356.0006437804095,99.99900654954436,0.0014738190218332805,0.001086255862922522,-0.007165591559408856,96457.95264582893,97813.95328960934
2021-09-01,451.8,0.12845978683680348,452.0,2021-10-01,0.0821917808219178,1.0,0.0,13.279160079857007,1327.9160079857006,0.5103917561963767,4.795165015960326,103.34550637975536,-22.126236200141484,96510.03663784324,97837.95264582893
2021-09-02,453.19,0.1295303005370531,452.0,2021-10-01,0.07945205479452055,1.0,0.0,13.218241266246196,1321.8241266246196,7.192650051391802,4.802489046011327,101.50876080880514,-22.66975912880752,96510.03663784324,97831.86076446786
2021-09-03,453.08,0.12959822732388132,452.0,2021-10-01,0.07671232876712329,1.0,0.0,12.988641997723562,1298.8641997723562,6.7288776292950825,4.888610694712217,99.76988354242967,-23.08928579894458,96510.03663784324,97808.9008376156
2021-09-07,451.46,0.14059673484777874,452.0,2021-10-01,0.06575342465753424,1.0,0.0,13.00075338528157,1300.0753385281569,-1.2072481294601367,4.901586195162669,92.35678594354911,-27.052213634787986,96510.03663784324,97810.1119763714
2021-09-08,450.91,0.13967601453378609,452.0,2021-10-01,0.06301369863013699,1.0,0.0,12.65900432724689,1265.900432724689,-4.0937301143529226,5.040095264299978,90.19350933375414,-27.38667374033611,96510.03663784324,97775.93707056793
2021-09-09,448.98,0.1454528771849104,452.0,2021-10-01,0.06027397260273973,1.0,0.0,13.060289088348355,1306.0289088348354,-13.489249566456207,4.905230538669036,86.68931023091847,-28.6572945324145,96510.03663784324,97816.06554667807
2021-09-10,445.44,0.16026180466425363,452.0,2021-10-01,0.057534246575342465,1.0,0.0,14.745308987244982,1474.5308987244982,-28.197088190315277,4.365600659074623,79.86911877139651,-30.476116931541952,96510.03663784324,97984.56753656773
2021-09-13,446.58,0.15087824213127773,452.0,2021-10-01,0.049315068493150684,1.0,0.0,12.7806598697249,1278.06598697249,-26.862423659117862,5.0272801021912885,74.59983693114152,-31.26525627625168,96510.03663784324,97788.10262481573
2021-09-14,444.17,0.15208186980915261,452.0,2021-10-01,0.04657534246575343,1.0,0.0,13.358448460972056,1335.8448460972056,-39.41543337704061,4.790885662862724,66.94956369340446,-29.94651420411737,96510.03663784324,97845.88148394044
2021-09-15,447.88,0.14512153104740175,452.0,2021-10-01,0.043835616438356165,1.0,0.0,11.399025304548957,1139.9025304548957,-22.525831045813693,5.6279349990681595,71.81768167522601,-32.56966225307415,96510.03663784324,97649.93916829814
2021-09-16,447.17,0.14408819963310643,452.0,2021-10-01,0.0410958904109589,1.0,0.0,11.178405739268783,1117.8405739268783,-27.605794355964264,5.739199814398132,67.95532191384069,-32.638533300178295,96510.03663784324,97627.87721177012
2021-09-17,441.4,0.16236653720801936,452.0,2021-10-01,0.038356164383561646,1.0,0.0,14.349891190364858,1434.9891190364858,-53.48364453753436,4.353697630861461,52.82683856067227,-30.633253031226527,96510.03663784324,97945.02575687972
2021-09-20,434.04,0.19700158136433082,452.0,2021-10-01,0.030136986301369864,1.0,0.0,19.710465176681907,1971.0465176681907,-75.73780996497126,2.715942820847923,30.377334614793106,-27.201740712489396,96510.03663784324,98481.08315551143
2021-09-21,433.63,0.18631259974376757,452.0,2021-10-01,0.0273972602739726,1.0,0.0,19.49779488607666,1949.7794886076663,-81.64773070529301,2.4638878972302845,23.64879119730614,-22.030338843838166,96510.03663784324,98459.8161264509
2021-09-22,437.86,0.16826896188380394,452.0,2021-10-01,0.024657534246575342,1.0,0.0,15.451149376767532,1545.1149376767532,-76.58158516210949,3.398637261953535,27.035164749077772,-25.273217259360713,96510.03663784324,98055.15157552
2021-09-23,443.18,0.15858996943938208,452.0,2021-10-01,0.021917808219178082,1.0,0.0,11.175838083745361,1117.5838083745361,-59.209242086907125,5.444568041624293,37.17034344450947,-36.84277269322557,96510.03663784324,97627.62044621777
2021-09-24,443.91,0.15272861581133415,452.0,2021-10-01,0.019178082191780823,1.0,0.0,10.159167724242621,1015.9167724242621,-60.09486386874545,5.955122524310708,34.372106574213824,-37.4971732828524,96510.03663784324,97525.9534102675
2021-09-27,442.64,0.15681485189679845,452.0,2021-10-01,0.010958904109589041,1.0,0.0,10.06539846203485,1006.539846203485,-79.46573538433927,4.92405318410579,16.57976492147769,-32.49941725806573,96510.03663784324,97516.57648404672
2021-09-28,433.72,0.19090639578057086,452.0,2021-10-01,0.00821917808219178,1.0,0.0,18.323582033918235,1832.3582033918235,-98.25275341815987,0.6309380701407373,1.8623208262301265,-5.925482612044805,96510.03663784324,98342.39484123506
2021-09-29,434.45,0.18704128474243767,452.0,2021-10-01,0.005479452054794521,1.0,0.0,17.55761678296746,1755.7616782967461,-99.56735592490529,0.2263593278898798,0.43787747690490314,-2.0475291460017537,96510.03663784324,98265.79831613999
2021-09-30,429.14,0.19239989872257332,452.0,2021-10-01,0.0027397260273972603,1.0,0.0,22.860000205964987,2286.000020596499,-99.99997373409157,3.239509472471898e-05,3.1447724238553656e-05,-0.0003025269479276569,96510.03663784324,98796.03665843974
2021-10-01,434.24,0.18375229080158967,434.0,2021-10-29,0.07671232876712329,1.0,0.0,17.62763091150336,1762.763091150336,2.8964493149185975,3.607934180649112,95.89946558999843,-31.467404444304346,96523.2735466929,98286.03663784324
2021-10-04,428.64,0.19655558077162733,434.0,2021-10-29,0.0684931506849315,1.0,0.0,18.215028735581683,1821.5028735581682,-17.090312400244144,3.5352515462584124,87.4456553423039,-34.37586314352421,96523.2735466929,98344.77642025107
2021-10-05,433.1,0.18944763551251687,434.0,2021-10-29,0.06575342465753424,1.0,0.0,16.81826253871955,1681.826253871955,-1.4714307849764463,3.791662216987983,88.59588992707558,-34.96725388085766,96523.2735466929,98205.09980056486
2021-10-06,434.9,0.18827364676044336,434.0,2021-10-29,0.06301369863013699,1.0,0.0,16.39695945666901,1639.695945666901,5.378702953569908,3.8730699007413985,86.90778009602296,-35.57053193594112,96523.2735466929,98162.9694923598
2021-10-07,438.66,0.18109547914800372,434.0,2021-10-29,0.06027397260273973,1.0,0.0,15.92151496025076,1592.151496025076,20.70227313504902,3.9525995136402474,83.0187722852583,-34.1689189665406,96523.2735466929,98115.42504271798
2021-10-08,437.86,0.1756893367959752,434.0,2021-10-29,0.057534246575342465,1.0,0.0,14.978910417313557,1497.8910417313557,18.283234554511136,4.210076294848081,81.58913810626649,-34.12938467534568,96523.2735466929,98021.16458842426
2021-10-11,434.69,0.18348153560309557,434.0,2021-10-29,0.049315068493150684,1.0,0.0,14.130479502740002,1413.0479502740002,4.7335406488131895,4.4968982213105235,76.88548599679567,-39.18629732300658,96523.2735466929,97936.3214969669
2021-10-12,433.62,0.182318753648194,434.0,2021-10-29,0.04657534246575343,1.0,0.0,13.62161398304346,1362.161398304346,-0.20658334055854155,4.676489127153497,74.66652495710754,-40.03855226300475,96523.2735466929,97885.43494499725
2021-10-13,435.18,0.17389376343073354,434.0,2021-10-29,0.043835616438356165,1.0,0.0,12.65898008513824,1265.898008513824,7.392248866183304,5.014230503442495,72.38578275306435,-39.33573806815576,96523.2735466929,97789.17155520672
2021-10-14,442.5,0.16833067959111236,434.0,2021-10-29,0.0410958904109589,1.0,0.0,13.80860321915523,1380.860321915523,44.17577416260322,4.45179976115396,60.30090682914264,-33.83497542169977,96523.2735466929,97904.13386860842
2021-10-15,445.87,0.16319906262404182,434.0,2021-10-29,0.038356164383561646,1.0,0.0,14.99444048976487,1499.444048976487,61.031927765321,3.8674174890926865,48.12717748762092,-28.05110804543079,96523.2735466929,98022.71759566938
2021-10-18,447.19,0.15795852925495923,434.0,2021-10-29,0.030136986301369864,1.0,0.0,14.87485101360965,1487.485101360965,73.10634139085157,3.5315525255291385,33.61961523549466,-24.13865898507435,96523.2735466929,98010.75864805386
2021-10-19,450.64,0.15480288584102986,434.0,2021-10-29,0.0273972602739726,1.0,0.0,17.353527878645185,1735.3527878645184,86.14416703722128,2.307166541111136,19.871223562210112,-15.380613763111969,96523.2735466929,98258.62633455743
2021-10-20,452.41,0.15251382834082416,434.0,2021-10-29,0.024657534246575342,1.0,0.0,18.76646489124409,1876.646489124409,91.9308366081454,1.6018649061315382,12.329604517666779,-10.446862149542675,96523.2735466929,98399.92003581731
2021-10-21,453.59,0.14759365850546208,434.0,2021-10-29,0.021917808219178082,1.0,0.0,19.74580452640656,1974.580452640656,95.77869353069181,1.0226373550867724,6.806336492759725,-6.278575649910269,96523.2735466929,98497.85399933356
2021-10-22,453.12,0.15019169893347198,434.0,2021-10-29,0.019178082191780823,1.0,0.0,19.248591530102928,1924.8591530102929,96.27656033806444,0.9667930003373684,5.71756441689652,-6.1337908109661035,96523.2735466929,98448.13269970319
2021-10-25,455.55,0.14905461186231295,434.0,2021-10-29,0.010958904109589041,1.0,0.0,21.553632196036062,2155.363219603606,99.81513391878183,0.08813325015640332,0.29876136363424727,-0.5566469886994758,96523.2735466929,98678.6367662965
2021-10-26,455.96,0.1434621236313876,434.0,2021-10-29,0.00821917808219178,1.0,0.0,21.96020109669879,2196.020109669879,99.98562641730942,0.009784362047311186,0.023985658712857322,-0.05735055892740345,96523.2735466929,98719.29365636277
2021-10-27,453.94,0.15046887388013072,434.0,2021-10-29,0.005479452054794521,1.0,0.0,19.940061001354337,1994.0061001354338,99.99462240703596,0.0045334448370730135,0.007702098069887151,-0.028973150577256197,96523.2735466929,98517.27964682833
2021-10-28,458.32,0.14368602569811068,434.0,2021-10-29,0.0027397260273972603,1.0,0.0,24.32000000000014,2432.000000000014,99.99999999995933,8.713730470183285e-11,7.205488160651644e-11,-5.176639785094123e-10,96523.2735466929,98955.27354669292
2021-10-29,459.25,0.14021887686828055,459.0,2021-11-26,0.07671232876712329,1.0,0.0,14.227397217701366,1422.7397217701366,2.667542243191062,4.4710448184681715,101.43293784596791,-25.39787968252095,97625.53382492276,99048.2735466929
2021-11-01,460.04,0.13411003326313187,460.0,2021-12-01,0.0821917808219178,1.0,0.0,14.111286247749433,1411.1286247749433,1.714173693859622,4.5099191795241325,105.208204560447,-23.51579302192654,97503.867339704,98914.99596447893
2021-11-02,461.9,0.13036510589155548,460.0,2021-12-01,0.07945205479452055,1.0,0.0,13.598905500618514,1359.8905500618514,10.386528487742291,4.660982899075913,103.00064141897141,-23.151188837038518,97503.867339704,98863.75788976585
2021-11-03,464.72,0.1250070372000032,460.0,2021-12-01,0.07671232876712329,1.0,0.0,13.323328878971552,1332.3328878971552,24.508090787709463,4.723044255074183,97.81475485488444,-21.834879819381666,97503.867339704,98836.20022760115
2021-11-04,466.91,0.12620866764333852,460.0,2021-12-01,0.07397260273972603,1.0,0.0,13.871361630840454,1387.1361630840454,34.83903180079814,4.495841399353686,91.5034386314041,-21.386161248987968,97503.867339704,98891.00350278804
2021-11-05,468.53,0.13162483459753832,460.0,2021-12-01,0.07123287671232877,1.0,0.0,14.752581790112032,1475.258179011203,41.12054487844596,4.1885863940775385,86.21058808662546,-21.822027687420352,97503.867339704,98979.1255187152
2021-11-08,468.93,0.13226969173257333,460.0,2021-12-01,0.06301369863013699,1.0,0.0,14.31105025551409,1431.105025551409,44.86079413202246,4.291449679590585,78.65301463160043,-22.616108693824703,97503.867339704,98934.97236525541
2021-11-09,467.38,0.1360398061232587,460.0,2021-12-01,0.06027397260273973,1.0,0.0,13.732907438374127,1373.2907438374127,37.81623947868434,4.525937638575734,81.0670995298591,-25.064437506856702,97503.867339704,98877.1580835414
2021-11-10,463.62,0.1462073329268769,460.0,2021-12-01,0.057534246575342465,1.0,0.0,13.242930238553612,1324.2930238553613,19.048688700641026,4.76680873975734,86.18816558879678,-30.00319481094763,97503.867339704,98828.16036355936
2021-11-11,463.77,0.13326196280552183,460.0,2021-12-01,0.0547945205479452,1.0,0.0,11.886844882045608,1188.6844882045607,21.84163071466374,5.307259954711106,83.35257116505682,-27.769318095856033,97503.867339704,98692.55182790855
2021-11-12,467.27,0.12501424270246864,460.0,2021-12-01,0.052054794520547946,1.0,0.0,12.106291728368575,1210.6291728368574,42.72639087966545,5.106250750106893,72.5534664025735,-23.868991204622972,97503.867339704,98714.49651254085
2021-11-15,467.43,0.12634194418650374,460.0,2021-12-01,0.043835616438356165,1.0,0.0,11.52916175125037,1152.9161751250372,46.40609206448323,5.328062145092915,64.47288735858878,-25.455093550629897,97503.867339704,98656.78351482903
2021-11-16,469.28,0.12453057827256635,460.0,2021-12-01,0.0410958904109589,1.0,0.0,12.143888191544278,1214.388819154428,57.848402285959686,4.875703598117425,54.951023638770714,-22.810275834685264,97503.867339704,98718.25615885842
2021-11-17,468.14,0.12954019471019143,460.0,2021-12-01,0.038356164383561646,1.0,0.0,11.553361247972006,1155.3361247972007,51.862072436481576,5.243173937778117,57.093344382882584,-26.4138676714808,97503.867339704,98659.2034645012
2021-11-18,469.73,0.13249881634359842,460.0,2021-12-01,0.03561643835616438,1.0,0.0,12.346341462404553,1234.6341462404553,60.44403906008702,4.735014252223123,49.30379771024835,-25.125749376354317,97503.867339704,98738.50148594445
2021-11-19,468.89,0.13460449102106825,460.0,2021-12-01,0.03287671232876712,1.0,0.0,11.691216350423701,1169.1216350423701,57.42549001233397,5.076993857715388,49.39653788462648,-27.70414933401276,97503.867339704,98672.98897474636
2021-11-22,467.57,0.14231838089426777,460.0,2021-12-01,0.024657534246575342,1.0,0.0,10.382135584046566,1038.2135584046566,54.16465667166075,5.800235351438352,44.49892628278517,-35.183417444996465,97503.867339704,98542.08089810866
2021-11-23,468.19,0.143571749396618,460.0,2021-12-01,0.021917808219178082,1.0,0.0,10.437469156428662,1043.7469156428663,59.959621175834066,5.629925758917196,38.83408255475263,-34.84673230374074,97503.867339704,98547.61425534687
2021-11-24,469.44,0.13741869035438958,460.0,2021-12-01,0.019178082191780823,1.0,0.0,10.733787419614217,1073.3787419614216,71.85037860220696,5.000954359738344,29.04451014430864,-28.508989614397688,97503.867339704,98577.24608166542
2021-11-26,458.97,0.214761096987938,460.0,2021-12-01,0.0136986301369863,1.0,0.0,9.251592980913898,925.1592980913898,-6.106855479897111,6.8958375626628685,42.73545920955377,-91.77914100127045,97503.867339704,98429.02663779538
2021-11-29,464.6,0.18213196952781352,460.0,2021-12-01,0.005479452054794521,1.0,0.0,6.2690572192766325,626.9057219276633,54.359883195842286,9.652798161676415,20.79385213424627,-94.68063108201002,97503.867339704,98130.77306163165
2021-11-30,455.56,0.21592273234427128,460.0,2021-12-01,0.0027397260273972603,1.0,0.0,5.561285377010833,556.1285377010834,-60.60786361888728,10.775048496020531,13.228661535183017,-142.818437196714,97503.867339704,98059.99587740508
2021-12-01,450.5,0.24112685289169755,450.0,2021-12-31,0.0821917808219178,1.0,0.0,24.832651654026364,2483.2651654026363,4.037850023682937,2.5587560945572423,102.91826325927373,-41.360594874646495,95970.60217430136,98453.867339704
2021-12-02,457.4,0.2261064201827276,450.0,2021-12-31,0.07945205479452055,1.0,0.0,23.818557289356278,2381.8557289356277,22.64911893751298,2.625994737300789,98.69705623552508,-38.47592770342746,95970.60217430136,98352.45790323698
2021-12-03,453.42,0.2428590285366809,450.0,2021-12-31,0.07671232876712329,1.0,0.0,24.391769118674347,2439.1769118674347,11.622993232551543,2.588282518647392,99.13624034637616,-42.993091113035405,95970.60217430136,98409.7790861688
2021-12-06,458.79,0.22452196971778615,450.0,2021-12-31,0.0684931506849315,1.0,0.0,22.444343022543194,2244.4343022543194,28.010582590355256,2.775363311886957,89.83668485963557,-40.3406188752028,95970.60217430136,98215.03647655567
2021-12-07,468.28,0.1999674754244672,450.0,2021-12-31,0.06575342465753424,1.0,0.0,24.175491381467666,2417.5491381467664,57.75564121100607,2.4086852758514365,69.44948317022931,-28.932578789759962,95970.60217430136,98388.15131244813
2021-12-08,469.52,0.18795142978923146,450.0,2021-12-31,0.06301369863013699,1.0,0.0,23.875189910722412,2387.518991072241,64.43092300217954,2.351176664905807,61.38666802646892,-25.081982664286368,95970.60217430136,98358.1211653736
2021-12-09,466.35,0.19772068644800872,450.0,2021-12-31,0.06027397260273973,1.0,0.0,22.333016757096914,2233.301675709691,55.243919074734315,2.6415316455958493,68.46391123237895,-30.765298922230684,95970.60217430136,98203.90385001105
2021-12-10,470.74,0.1815871763274563,450.0,2021-12-31,0.057534246575342465,1.0,0.0,23.866245777938218,2386.624577793822,70.91547815543713,2.227605914839793,51.571786263832195,-22.297083442410447,95970.60217430136,98357.22675209517
2021-12-13,466.57,0.19181952756504278,450.0,2021-12-31,0.049315068493150684,1.0,0.0,20.87095756435768,2087.095756435768,61.58028365190562,2.7492261979107298,56.61304997031307,-30.16524583144892,95970.60217430136,98057.69793073712
2021-12-14,463.36,0.20196120227789333,450.0,2021-12-31,0.04657534246575343,1.0,0.0,19.32872369300989,1932.8723693009892,51.17127134587069,3.1072780836121865,62.753970112497434,-37.27608015185579,95970.60217430136,97903.47454360235
2021-12-15,470.6,0.18971048830493797,450.0,2021-12-31,0.043835616438356165,1.0,0.0,22.977532071377915,2297.7532071377914,74.85281759834616,2.211622855061291,40.731778658153694,-24.147642558646844,95970.60217430136,98268.35538143915
2021-12-16,466.45,0.19842016438900084,450.0,2021-12-31,0.0410958904109589,1.0,0.0,20.201743783160993,2020.1743783160991,63.859718971591484,2.80390661474986,49.745974133730506,-32.9020145510193,95970.60217430136,97990.77655261745
2021-12-17,459.87,0.2067671805351309,450.0,2021-12-31,0.038356164383561646,1.0,0.0,16.75818882745702,1675.818882745702,42.18071562924444,3.670890242870297,61.56846618953726,-45.465493442439836,95970.60217430136,97646.42105704706
2021-12-20,454.98,0.2157683062231054,450.0,2021-12-31,0.030136986301369864,1.0,0.0,14.10211450679867,1410.211450679867,24.537943353375802,4.458587178302411,60.0163180899893,-58.86190590920051,95970.60217430136,97380.81362498122
2021-12-21,463.06,0.2091070354977097,450.0,2021-12-31,0.0273972602739726,1.0,0.0,16.68345377510792,1668.345377510792,60.12629268459286,3.48692948605739,42.83447817212237,-44.78495373831931,95970.60217430136,97638.94755181215
2021-12-22,467.69,0.19611850859653035,450.0,2021-12-31,0.024657534246575342,1.0,0.0,19.113147148762415,1911.3147148762416,79.50054135156006,2.4811731797152583,26.24469155738673,-28.594832037836877,95970.60217430136,97881.91688917759
2021-12-23,470.6,0.192489096381127,450.0,2021-12-31,0.021917808219178082,1.0,0.0,21.25292048253287,2125.292048253287,88.70226701680393,1.6943144994695372,15.830736835692766,-19.04527642843701,95970.60217430136,98095.89422255465
2021-12-27,477.26,0.18581138350980952,450.0,2021-12-31,0.010958904109589041,1.0,0.0,27.26633705978142,2726.633705978142,99.75812160695192,0.08634752299576896,0.4004971236941794,-0.930211558066435,95970.60217430136,98697.23588027949
2021-12-28,476.87,0.18355344526384088,450.0,2021-12-31,0.00821917808219178,1.0,0.0,26.870956296873807,2687.0956296873806,99.95232476946452,0.022500753674072903,0.07719479167722239,-0.23615616614631063,95970.60217430136,98657.69780398873
2021-12-29,477.48,0.17349752619305114,450.0,2021-12-31,0.005479452054794521,1.0,0.0,27.480004670058396,2748.0004670058397,99.99961957766273,0.0002991097608540232,0.0006482930622531514,-0.002811931063725986,95970.60217430136,98718.6026413072
2021-12-30,476.16,0.1733711784048914,450.0,2021-12-31,0.0027397260273972603,1.0,0.0,26.160000000306383,2616.000000030638,99.99999995376089,6.832055974748723e-08,7.357686369569829e-08,-6.378053781129643e-07,95970.60217430136,98586.60217433199
2021-12-31,474.96,0.17050157222589224,475.0,2022-01-28,0.07671232876712329,1.0,0.0,17.895205636089656,1789.5205636089656,1.7415323976149144,3.556465384494281,104.93641251473966,-31.949684495549835,96677.08161069239,98466.60217430136
2022-01-03,477.71,0.1650495548255393,478.0,2022-02-02,0.0821917808219178,1.0,0.0,18.040972485436725,1804.0972485436725,0.8643830844389688,3.529569113835667,109.2680274399846,-30.057732142723786,96528.8283211653,98332.92556970898
2022-01-04,477.55,0.16555564216755786,478.0,2022-02-02,0.07945205479452055,1.0,0.0,17.79135645754073,1779.1356457540728,0.25129056624471624,3.5803254471777954,107.40124696388698,-30.65669381155651,96528.8283211653,98307.96396691937
2022-01-05,468.38,0.18308617778588737,478.0,2022-02-02,0.07671232876712329,1.0,0.0,20.6612244606425,2066.12244606425,-29.276583229177877,3.1305728385606386,96.45865957106363,-31.53615588431455,96528.8283211653,98594.95076722956
2022-01-06,467.94,0.18225661448976704,478.0,2022-02-02,0.07397260273972603,1.0,0.0,20.400242633464018,2040.0242633464018,-31.402145092722165,3.169810793097258,93.57673320440034,-31.583293683048485,96528.8283211653,98568.85258451171
2022-01-07,466.09,0.17666776002014972,478.0,2022-02-02,0.07123287671232877,1.0,0.0,20.24034088793246,2024.0340887932462,-39.103221646741495,3.1852936318160796,87.0816862049199,-29.585627770386104,96528.8283211653,98552.86240995854
2022-01-10,465.51,0.17895868885529426,478.0,2022-02-02,0.06301369863013699,1.0,0.0,19.761808287346412,1976.1808287346412,-42.92355809057755,3.248991153617483,79.3952132150881,-30.8879636051276,96528.8283211653,98505.00914989994
2022-01-11,469.75,0.1731368581245875,478.0,2022-02-02,0.06027397260273973,1.0,0.0,17.399581324698147,1739.9581324698147,-30.223132895965637,3.70571713189747,85.33460674186696,-33.57855841041839,96528.8283211653,98268.78645363511
2022-01-12,471.02,0.16751874043327217,478.0,2022-02-02,0.057534246575342465,1.0,0.0,16.21986348315329,1621.986348315329,-27.06588621048284,3.9707979129327025,84.90755016100704,-33.86572822915899,96528.8283211653,98150.81466948063
2022-01-13,464.53,0.18291832454475626,478.0,2022-02-02,0.0547945205479452,1.0,0.0,19.558019790364582,1955.8019790364583,-48.183426860462355,3.2556091790953756,70.41321000556862,-32.1996660000917,96528.8283211653,98484.63030020177
2022-01-14,464.72,0.17495969728040325,478.0,2022-02-02,0.052054794520547946,1.0,0.0,18.602663745352856,1860.2663745352856,-50.721127096925485,3.3995967910525984,66.86654637301291,-30.786712398969424,96528.8283211653,98389.0946957006
2022-01-18,456.49,0.1985728395046158,478.0,2022-02-02,0.0410958904109589,1.0,0.0,23.874534018037778,2387.453401803778,-73.88517501278588,2.3094400065517693,39.27240175365945,-25.99477443463403,96528.8283211653,98916.28172296908
2022-01-19,451.75,0.20484436620803095,478.0,2022-02-02,0.038356164383561646,1.0,0.0,27.593414947884753,2759.3414947884753,-83.48096948028596,1.6805908339654292,26.947439674984157,-19.714397146968846,96528.8283211653,99288.16981595378
2022-01-20,446.75,0.21086901166473565,478.0,2022-02-02,0.03561643835616438,1.0,0.0,31.924235720047278,3192.4235720047277,-90.68599863943865,1.0960882066807958,16.430011890036965,-13.325309111122884,96528.8283211653,99721.25189317003
2022-01-21,437.98,0.23301707359802898,478.0,2022-02-02,0.03287671232876712,1.0,0.0,40.291914031783435,4029.1914031783435,-95.94768427631377,0.5290999496314632,7.775393980847564,-7.549164797870119,96528.8283211653,100558.01972434364
2022-01-24,439.84,0.23871897339526021,478.0,2022-02-02,0.024657534246575342,1.0,0.0,38.31886968461349,3831.8869684613487,-97.22485622278134,0.4295792870311775,4.891807527300744,-6.487595949802445,96528.8283211653,100360.71528962665
2022-01-25,434.47,0.24144376193392794,478.0,2022-02-02,0.021917808219178082,1.0,0.0,43.567922867018844,4356.792286701884,-99.20310432293711,0.15203870488059262,1.5187519939117244,-2.2918324678418793,96528.8283211653,100885.62060786718
2022-01-26,433.38,0.24604048123203676,478.0,2022-02-02,0.019178082191780823,1.0,0.0,44.63823778161864,4463.8237781618645,-99.57505565390122,0.09071819781173096,0.8039774871449034,-1.4129357702632548,96528.8283211653,100992.65209932717
2022-01-27,431.24,0.2364599812899835,478.0,2022-02-02,0.01643835616438356,1.0,0.0,46.762426112197225,4676.242611219723,-99.92764268058387,0.020139158471527915,0.14557789348980585,-0.2868612164236225,96528.8283211653,101205.07093238503
2022-01-28,441.95,0.23405014194423698,478.0,2022-02-02,0.0136986301369863,1.0,0.0,36.06550980994568,3606.550980994568,-99.56116461352966,0.11392465154031006,0.713427809341393,-1.669778800433191,96528.8283211653,100135.37930215987
2022-01-31,449.91,0.2236611784816792,478.0,2022-02-02,0.005479452054794521,1.0,0.0,28.09047351286231,2809.047351286231,-99.9737524900328,0.013717517194635582,0.034029419899363984,-0.19027650394349135,96528.8283211653,99337.87567245154
2022-02-01,452.95,0.20668485608137793,453.0,2022-03-03,0.0821917808219178,1.0,0.0,21.41284475086468,2141.284475086468,2.2150039680527476,2.971662976795899,103.57075176522137,-35.67750987139151,96892.5439073756,99033.82838246206
2022-02-02,457.35,0.209443641725978,453.0,2022-03-03,0.07945205479452055,1.0,0.0,21.717742390067826,2171.7742390067824,15.178671925518096,2.901461284340152,100.99188093245348,-36.46915056422312,96892.5439073756,99064.31814638239
2022-02-03,446.6,0.22531251548146675,453.0,2022-03-03,0.07671232876712329,1.0,0.0,22.972088225844374,2297.2088225844373,-15.602028134964113,2.8079722086466985,96.80119657653262,-38.94735911120449,96892.5439073756,99189.75272996003
2022-02-04,448.7,0.2191509784939416,453.0,2022-03-03,0.07397260273972603,1.0,0.0,21.711912616712993,2171.1912616712993,-10.360193584355425,2.958171272525487,96.54944198327708,-39.18315682162819,96892.5439073756,99063.7351690469
2022-02-07,447.26,0.21696104663771948,453.0,2022-03-03,0.06575342465753424,1.0,0.0,20.50089526631217,2050.0895266312173,-15.961086607321139,3.1421831811785697,89.67094841125004,-40.531464208961985,96892.5439073756,98942.63343400681
2022-02-08,450.94,0.20976064043475662,453.0,2022-03-03,0.06301369863013699,1.0,0.0,19.05739608479891,1905.739608479891,-4.802938948388258,3.3542236717971923,90.15472903998692,-41.11068196010783,96892.5439073756,98798.2835158555
2022-02-09,457.54,0.20275287273255604,453.0,2022-03-03,0.06027397260273973,1.0,0.0,18.441432956590262,1844.143295659026,17.81953311788404,3.415576734285829,87.38140330070536,-40.265523960500154,96892.5439073756,98736.68720303463
2022-02-10,449.32,0.22952600024313044,453.0,2022-03-03,0.057534246575342465,1.0,0.0,20.032799990638154,2003.2799990638155,-9.601621919819687,3.2020591256709174,85.36879793347643,-46.65323508389254,96892.5439073756,98895.82390643941
2022-02-11,440.46,0.2523428437143149,453.0,2022-03-03,0.0547945205479452,1.0,0.0,23.384161809495936,2338.4161809495936,-34.419664627286956,2.7767399836872513,74.48628029899781,-46.99019947087667,96892.5439073756,99230.9600883252
2022-02-14,439.02,0.2580457944548238,453.0,2022-03-03,0.04657534246575343,1.0,0.0,22.87319506770902,2287.319506770902,-40.738117701987896,2.828248364910805,65.51473639760745,-49.72294765358522,96892.5439073756,99179.8634141465
2022-02-15,446.1,0.2431288800979649,453.0,2022-03-03,0.043835616438356165,1.0,0.0,19.080175541374217,1908.0175541374217,-21.75113786569696,3.382260415501758,71.73566971236285,-54.50316575076338,96892.5439073756,98800.56146151302
2022-02-16,446.6,0.2336155025880784,453.0,2022-03-03,0.0410958904109589,1.0,0.0,17.756119337576706,1775.6119337576706,-21.804096541332996,3.6306719997039543,69.52236010531378,-54.13833699037416,96892.5439073756,98668.15584113327
2022-02-17,437.06,0.2603747494892188,453.0,2022-03-03,0.038356164383561646,1.0,0.0,22.395602413102537,2239.560241310254,-50.15782779364195,2.846852578013215,54.31016688405447,-50.50355748983338,96892.5439073756,99132.10414868586
2022-02-18,434.23,0.2543077216160925,453.0,2022-03-03,0.03561643835616438,1.0,0.0,23.189797870412008,2318.979787041201,-60.896289494159994,2.6501902115932987,45.261269358738325,-44.27034726181924,96892.5439073756,99211.5236944168
2022-02-22,429.57,0.261560341395883,453.0,2022-03-03,0.024657534246575342,1.0,0.0,25.104118530811974,2510.4118530811975,-79.68021837846415,2.012546576184126,23.95164621299842,-34.804448669251535,96892.5439073756,99402.9557604568
2022-02-23,421.95,0.27665076045766035,453.0,2022-03-03,0.021917808219178082,1.0,0.0,31.653015319082616,3165.3015319082615,-91.33181974561515,1.0642267952322553,11.48907759962411,-19.865387843081756,96892.5439073756,100057.84543928386
2022-02-24,428.3,0.27536447460292834,453.0,2022-03-03,0.019178082191780823,1.0,0.0,25.752999683515103,2575.2999683515104,-85.32854798206155,1.704321670546229,16.510521865265666,-32.47436556320744,96892.5439073756,99467.8438757271
2022-02-25,437.75,0.26393481779712813,453.0,2022-03-03,0.01643835616438356,1.0,0.0,17.704120798230065,1770.4120798230065,-68.02801250371076,3.283161671439786,27.29604024563938,-60.03646174013255,96892.5439073756,98662.9559871986
2022-02-28,436.63,0.27269654056850823,453.0,2022-03-03,0.00821917808219178,1.0,0.0,17.031121484789896,1703.1121484789896,-86.01628935789567,2.4854544207390012,10.620402246625897,-48.269115868348244,96892.5439073756,98595.65605585459
2022-03-01,429.98,0.28963054876345146,430.0,2022-03-31,0.0821917808219178,1.0,0.0,28.47949587907496,2847.949587907496,3.26698936709362,2.2328985056023267,98.27391353223922,-47.43854584245737,96351.2585787983,99199.2081667058
2022-03-02,437.89,0.27799972113772853,430.0,2022-03-31,0.07945205479452055,1.0,0.0,27.850977350033247,2785.0977350033245,21.37760800700339,2.2413259182765817,94.92586467750877,-45.498903291560666,96351.2585787983,99136.35631380162
2022-03-03,435.71,0.27496680213972635,430.0,2022-03-31,0.07671232876712329,1.0,0.0,26.68935117562691,2668.935117562691,16.734245697478695,2.3514463676508814,94.16197576561146,-46.23467385612249,96351.2585787983,99020.19369636099
2022-03-04,432.17,0.27880209693474345,430.0,2022-03-31,0.07397260273972603,1.0,0.0,26.13277334154381,2613.277334154381,8.306760955026693,2.4215407904569006,93.27557970938159,-48.15819854773963,96351.2585787983,98964.53591295268
2022-03-07,419.43,0.31378099957694694,430.0,2022-03-31,0.06575342465753424,1.0,0.0,28.551775830724978,2855.177583072498,-21.21424344460004,2.2801887488156094,82.76272825811863,-54.10285750114103,96351.2585787983,99206.43616187079
2022-03-08,416.25,0.30605015149660364,430.0,2022-03-31,0.06301369863013699,1.0,0.0,28.21530284893518,2821.530284893518,-29.947217250255733,2.3171523135419747,77.42668146419518,-51.514016504339565,96351.2585787983,99172.78886369182
2022-03-09,427.41,0.2979593838403201,430.0,2022-03-31,0.06027397260273973,1.0,0.0,25.101569610040684,2510.1569610040683,-3.6700145827895767,2.5492572471207167,83.63535497420278,-56.63622462586344,96351.2585787983,98861.41553980237
2022-03-10,425.48,0.2813935182782867,430.0,2022-03-31,0.057534246575342465,1.0,0.0,23.312684882645755,2331.2684882645754,-9.774535627704516,2.7574543487023115,80.81782383383917,-54.14669473380661,96351.2585787983,98682.52706706287
2022-03-11,420.07,0.28315060339510134,430.0,2022-03-31,0.0547945205479452,1.0,0.0,23.85490012798539,2385.490012798539,-25.05457202011727,2.7232370696117894,74.55613849793912,-52.77653900625052,96351.2585787983,98736.74859159684
2022-03-14,417.0,0.28636620391748385,430.0,2022-03-31,0.04657534246575343,1.0,0.0,23.402937047403327,2340.293704740333,-35.866539645380804,2.7776854055120683,64.42181945287024,-54.25950554757637,96351.2585787983,98691.55228353864
2022-03-15,426.17,0.28082738758368786,430.0,2022-03-31,0.043835616438356165,1.0,0.0,20.31180756337224,2031.180756337224,-9.770918656637683,3.160321957344656,70.65837669864081,-62.00877293494821,96351.2585787983,98382.43933513552
2022-03-16,435.62,0.26434729184222533,430.0,2022-03-31,0.0410958904109589,1.0,0.0,19.044170617624502,1904.4170617624502,21.21505413169338,3.2963476990277933,67.95507503915243,-59.87913351178382,96351.2585787983,98255.67564056074
2022-03-17,441.07,0.26010045508323376,430.0,2022-03-31,0.038356164383561646,1.0,0.0,19.858397848030535,1985.8397848030536,40.003928033483646,3.0948982698585015,60.06724325429803,-55.79827609299364,96351.2585787983,98337.09836360136
2022-03-18,444.52,0.24509509093734444,430.0,2022-03-31,0.03561643835616438,1.0,0.0,20.12412787591215,2012.4127875912152,54.13663377810867,2.9486670999895974,50.862002641824844,-47.946258318282744,96351.2585787983,98363.6713663895
2022-03-21,444.39,0.24248547351051497,430.0,2022-03-31,0.0273972602739726,1.0,0.0,18.459969155722533,1845.9969155722533,59.92057482079902,3.1429908744110016,41.234861226343796,-49.99427424805175,96351.2585787983,98197.25549437055
2022-03-22,449.59,0.23833533355437386,430.0,2022-03-31,0.024657534246575342,1.0,0.0,21.472796832534577,2147.2796832534577,77.33801847630582,2.2829760332269506,27.118940292584632,-35.907787112635056,96351.2585787983,98498.53826205175
2022-03-23,443.8,0.24024314870885147,430.0,2022-03-31,0.021917808219178082,1.0,0.0,16.988955892140723,1698.8955892140723,63.50260334763489,3.3534300356135742,34.778590692406695,-52.22073834750086,96351.2585787983,98050.15416801236
2022-03-24,450.49,0.22884976720149486,430.0,2022-03-31,0.019178082191780823,1.0,0.0,21.36736316802289,2136.736316802289,86.23715658070013,1.8563046000116514,16.533895989712246,-27.02698748699555,96351.2585787983,98487.99489560058
2022-03-25,452.69,0.21950761598652613,430.0,2022-03-31,0.01643835616438356,1.0,0.0,23.020981051586872,2302.0981051586873,93.4410305938631,1.1497765830589863,8.50204188569363,-15.552191211218314,96351.2585787983,98653.35668395698
2022-03-28,455.91,0.2125019698567254,430.0,2022-03-31,0.00821917808219178,1.0,0.0,25.91571576298356,2591.571576298356,99.7686320620588,0.08762729793755332,0.3181185592949619,-1.1266803416360485,96351.2585787983,98942.83015509666
2022-03-29,461.55,0.2053709220035815,430.0,2022-03-31,0.005479452054794521,1.0,0.0,31.550004298942532,3155.000429894253,99.99969160964693,0.0002137472594435454,0.0005124059331612505,-0.002630831973335789,96351.2585787983,99506.25900869255
2022-03-30,458.7,0.20619539020844585,430.0,2022-03-31,0.0027397260273972603,1.0,0.0,28.70000000163171,2870.000000163171,99.99999979263154,2.576316367238018e-07,3.0622649261982503e-07,-3.1571245568954302e-06,96351.2585787983,99221.25857896147
2022-03-31,451.64,0.21657172601394165,452.0,2022-04-29,0.07945205479452055,1.0,0.0,22.00540603374597,2200.540603374597,1.3938833868755884,2.8935238073165297,101.55907780307281,-37.92211167619941,96314.7179754237,98515.2585787983
2022-04-01,452.92,0.2097998606944234,453.0,2022-04-29,0.07671232876712329,1.0,0.0,20.99803234184631,2099.803234184631,2.0754380388372073,3.0306363394892872,100.05693290064521,-37.48559032869042,96313.67405263642,98413.47728682104
2022-04-04,456.8,0.19004873473968284,453.0,2022-04-29,0.0684931506849315,1.0,0.0,18.30487277944789,1830.4872779447892,15.289977912260033,3.447085093475341,93.6302798998426,-35.5886324565749,96313.67405263642,98144.1613305812
2022-04-05,451.03,0.20675360103520785,453.0,2022-04-29,0.06575342465753424,1.0,0.0,19.183069900666936,1918.3069900666937,-4.441708929149923,3.3315683507533023,92.13635915755282,-39.686508421036024,96313.67405263642,98231.9810427031
2022-04-06,446.52,0.2081064111015225,453.0,2022-04-29,0.06301369863013699,1.0,0.0,19.45278610150328,1945.278610150328,-19.716738612851614,3.31557539885801,86.6884368544902,-39.21830321258459,96313.67405263642,98258.95266278675
2022-04-07,448.77,0.20422007817815546,453.0,2022-04-29,0.06027397260273973,1.0,0.0,18.350062064859173,1835.0062064859173,-12.873250951989434,3.49985988612395,86.76139902102052,-40.26913566117944,96313.67405263642,98148.68025912234
2022-04-08,447.57,0.19876131710515674,453.0,2022-04-29,0.057534246575342465,1.0,0.0,17.67188766622496,1767.1887666224961,-18.121283396087584,3.6423873596386143,83.43847611754255,-39.486527167547436,96313.67405263642,98080.86281925891
2022-04-11,439.92,0.2223439701556843,453.0,2022-04-29,0.049315068493150684,1.0,0.0,20.594764990834236,2059.4764990834237,-43.04424316772146,3.1247889626688092,66.30909521992301,-40.95396524619163,96313.67405263642,98373.15055171984
2022-04-12,438.29,0.21655545369696405,453.0,2022-04-29,0.04657534246575343,1.0,0.0,20.596240453210015,2059.6240453210016,-50.53777885166335,3.084904760509265,59.77093738313457,-38.069771949698634,96313.67405263642,98373.29809795742
2022-04-13,443.31,0.19684251762400784,453.0,2022-04-29,0.043835616438356165,1.0,0.0,16.718173758778136,1671.8173758778134,-38.5777996871959,3.846173972507614,65.22138394521363,-40.11981693343093,96313.67405263642,97985.49142851423
2022-04-14,437.79,0.20236251639095948,453.0,2022-04-29,0.0410958904109589,1.0,0.0,19.355365296438464,1935.5365296438463,-58.3215553536014,3.1949628266283816,50.92440339682584,-34.35063472363333,96313.67405263642,98249.21058228026
2022-04-18,437.97,0.19807029567695267,453.0,2022-04-29,0.030136986301369864,1.0,0.0,17.67407311575704,1767.407311575704,-66.50034737227335,3.328826192961471,38.11527146243881,-34.31592312896623,96313.67405263642,98081.08136421212
2022-04-19,445.04,0.19749270435043553,453.0,2022-04-29,0.0273972602739726,1.0,0.0,13.39186072570493,1339.186072570493,-40.109339992785145,4.775985582073405,51.18224051299776,-50.54059546813174,96313.67405263642,97652.8601252069
2022-04-20,444.71,0.18900398972836513,453.0,2022-04-29,0.024657534246575342,1.0,0.0,12.622588534350868,1262.2588534350868,-45.64691929889284,5.026694179518849,46.32942086976973,-48.646918812172586,96313.67405263642,97575.9329060715
2022-04-21,438.06,0.20405124105684488,453.0,2022-04-29,0.021917808219178082,1.0,0.0,16.7499996197661,1674.99996197661,-72.64975414913573,3.310459657829152,28.411349364709647,-36.23356936230378,96313.67405263642,97988.67401461303
2022-04-22,426.04,0.24325553080102802,453.0,2022-04-29,0.019178082191780823,1.0,0.0,27.360232932166213,2736.0232932166214,-92.8860356988356,1.0911350233080894,9.239471858154577,-16.053947365546804,96313.67405263642,99049.69734585304
2022-04-25,428.51,0.23632626000771867,453.0,2022-04-29,0.010958904109589041,1.0,0.0,24.583243060614908,2458.324306061491,-97.45259433161281,0.620471280797078,2.9506840981239124,-8.716551717173408,96313.67405263642,98771.9983586979
2022-04-26,416.1,0.2827698335091329,453.0,2022-04-29,0.00821917808219178,1.0,0.0,36.90268211883377,3690.2682118833773,-99.903847256213,0.032132312006807925,0.12930010373885903,-0.6093694801158461,96313.67405263642,100003.94226451979
2022-04-27,417.27,0.2681438377616639,453.0,2022-04-29,0.005479452054794521,1.0,0.0,35.7300659463478,3573.00659463478,-99.99636097933715,0.0019108219988038463,0.004888318652538308,-0.03276931309233869,96313.67405263642,99886.68064727119
2022-04-28,427.81,0.269225317700999,453.0,2022-04-29,0.0027397260273972603,1.0,0.0,25.190067839909695,2519.0067839909693,-99.9949422776702,0.0035874254512878005,0.004842925435844394,-0.0651919069533728,96313.67405263642,98832.68083662739
2022-04-29,412.0,0.3008525299024084,412.0,2022-05-27,0.07671232876712329,1.0,0.0,27.3840638195056,2738.40638195056,3.323308715959411,2.322093264901568,90.9688963161366,-48.8718260698921,97675.26767068586,100413.67405263642
2022-05-02,414.48,0.295088989981543,414.0,2022-06-01,0.0821917808219178,1.0,0.0,27.95570898364801,2795.570898364801,4.465547206765646,2.27189570480065,94.66227666438317,-46.55632601707703,97433.09816398707,100228.66906235188
2022-05-03,416.38,0.2756236642311214,414.0,2022-06-01,0.07945205479452055,1.0,0.0,25.800387765221586,2580.0387765221585,8.967558686958643,2.450905342585613,93.05246788502669,-44.219762352103096,97433.09816398707,100013.13694050923
2022-05-04,429.06,0.26314413141439275,414.0,2022-06-01,0.07671232876712329,1.0,0.0,27.393333452685795,2739.3333452685793,40.15912297044086,2.221051189090846,82.53791246973402,-38.78458443858096,97433.09816398707,100172.43150925565
2022-05-05,413.81,0.3074214237688375,414.0,2022-06-01,0.07397260273972603,1.0,0.0,27.605166020514872,2760.516602051487,2.896957106824538,2.304533980711999,89.740835487476,-51.0893618810461,97433.09816398707,100193.61476603856
2022-05-06,411.34,0.3006597423994628,414.0,2022-06-01,0.07123287671232877,1.0,0.0,26.499602541772475,2649.9602541772474,-3.2070558775240787,2.415308354407858,87.52462033705127,-50.60601885413196,97433.09816398707,100083.05841816432
2022-05-09,398.17,0.3344775666651092,414.0,2022-06-01,0.06301369863013699,1.0,0.0,30.074771528809706,3007.4771528809706,-32.72356272852781,2.182986845490175,72.94409753673285,-53.03948749275822,97433.09816398707,100440.57531686804
2022-05-10,399.09,0.32322181024044994,414.0,2022-06-01,0.06027397260273973,1.0,0.0,28.432873221556946,2843.2873221556947,-32.737414072889955,2.3042675259593457,71.4998392806085,-52.523426100407974,97433.09816398707,100276.38548614277
2022-05-11,392.75,0.32161427071401294,414.0,2022-06-01,0.057534246575342465,1.0,0.0,30.393228105282688,3039.3228105282687,-48.073408142346,2.139602006578596,61.06988825064548,-46.7641608864705,97433.09816398707,100472.42097451535
2022-05-12,392.34,0.31456098612956856,414.0,2022-06-01,0.0547945205479452,1.0,0.0,29.717311987199977,2971.731198719998,-51.167735775371035,2.1723289157487655,57.63585597642821,-45.32497923091763,97433.09816398707,100404.82936270707
2022-05-13,401.72,0.30364710798409056,414.0,2022-06-01,0.052054794520547946,1.0,0.0,24.63558451476618,2463.558451476618,-31.08372324101296,2.6465189363461232,67.50746492993486,-53.943280245558256,97433.09816398707,99896.6566154637
2022-05-16,400.09,0.2950587693716684,414.0,2022-06-01,0.043835616438356165,1.0,0.0,23.05276947744555,2305.276947744555,-39.85669159209828,2.81652655858578,58.312933399671905,-53.767944897997666,97433.09816398707,99738.37511173163
2022-05-17,408.32,0.2884302794811441,414.0,2022-06-01,0.0410958904109589,1.0,0.0,19.71181313858287,1971.181313858287,-16.401530664553395,3.2710856930031484,64.64463271752194,-62.15156493890254,97433.09816398707,99404.27947784535
2022-05-18,391.86,0.32739078386242737,414.0,2022-06-01,0.038356164383561646,1.0,0.0,27.74546350269759,2774.546350269759,-59.06983353162594,2.259358335296718,43.56609206919732,-50.9397751155614,97433.09816398707,100207.64451425683
2022-05-19,389.46,0.31712757272964676,414.0,2022-06-01,0.03561643835616438,1.0,0.0,28.38595767271439,2838.595767271439,-67.83401922988514,2.0947830821784903,35.888000987598,-43.77336401275429,97433.09816398707,100271.69393125852
2022-05-20,389.63,0.31393693076001317,414.0,2022-06-01,0.03287671232876712,1.0,0.0,27.724711820220058,2772.471182022006,-70.0422190593906,2.100558982739786,32.91322566197981,-43.05282102389019,97433.09816398707,100205.56934600908
2022-05-23,396.92,0.3114139489653542,414.0,2022-06-01,0.024657534246575342,1.0,0.0,21.349177021543113,2134.9177021543114,-59.747545777841715,2.8957000396895762,35.03057324022874,-60.605606373664976,97433.09816398707,99568.01586614139
2022-05-24,393.89,0.31214209221687794,414.0,2022-06-01,0.021917808219178082,1.0,0.0,22.786426757474537,2278.6426757474537,-70.83104457266884,2.514134200360524,26.686266932539997,-52.061919961132,97433.09816398707,99711.74083973453
2022-05-25,397.37,0.30644747022641766,414.0,2022-06-01,0.019178082191780823,1.0,0.0,19.687994627398282,1968.7994627398282,-65.52614365386944,3.0278369984258418,28.098546840980788,-61.50520426040759,97433.09816398707,99401.8976267269
2022-05-26,405.31,0.29920750486701564,414.0,2022-06-01,0.01643835616438356,1.0,0.0,14.407491864587826,1440.7491864587826,-40.65252868755414,4.45015215205598,35.95674468349635,-89.6543988324106,97433.09816398707,98873.84735044585
2022-05-27,415.26,0.28298201275382606,414.0,2022-06-01,0.0136986301369863,1.0,0.0,11.002745542618669,1100.2745542618668,8.625154351786529,5.767334158540035,38.552388117639005,-109.09632385996173,97433.09816398707,98533.37271824894
2022-05-31,412.93,0.28578591213869264,414.0,2022-06-01,0.0027397260273972603,1.0,0.0,5.008458679434966,500.8458679434966,-13.146729391201205,12.74148077811007,17.01064290075868,-243.0701048729448,97433.09816398707,97933.94403193057
2022-06-01,409.59,0.2830514286030502,410.0,2022-07-01,0.0821917808219178,1.0,0.0,26.527730975353904,2652.7730975353907,2.253315910370807,2.3995949315734775,93.65487041292467,-44.18190811001978,95221.32506645168,97874.09816398707
2022-06-02,417.39,0.2724636189453432,410.0,2022-07-01,0.07945205479452055,1.0,0.0,26.026145497303105,2602.6145497303105,21.361098442778093,2.399325197910195,90.48713731529497,-42.507677415395634,95221.32506645168,97823.93961618199
2022-06-03,410.54,0.26401098565662384,410.0,2022-07-01,0.07671232876712329,1.0,0.0,23.93525023595049,2393.525023595049,4.35121274681407,2.6538939555666357,90.5902976603551,-42.70863174328089,95221.32506645168,97614.85009004673
2022-06-06,411.79,0.2654743566797618,410.0,2022-07-01,0.0684931506849315,1.0,0.0,22.818230732550006,2281.8230732550005,7.762320329288136,2.775596879177681,85.58106833013053,-45.43915811781629,95221.32506645168,97503.14813970668
2022-06-07,415.74,0.2489343445829268,410.0,2022-07-01,0.06575342465753424,1.0,0.0,21.520936210145692,2152.093621014569,19.719475822907583,2.91429232714334,82.44796340763463,-42.758603610576365,95221.32506645168,97373.41868746626
2022-06-08,411.22,0.2502074615086879,410.0,2022-07-01,0.06301369863013699,1.0,0.0,20.596876286941836,2059.6876286941833,6.273657894491386,3.0796602765647862,82.1081934920768,-44.66104926677543,95221.32506645168,97281.01269514587
2022-06-09,401.44,0.26636111840841936,410.0,2022-07-01,0.06027397260273973,1.0,0.0,22.25708862516865,2225.708862516865,-22.81456861919573,2.914257108250561,75.39973135571373,-45.64444720818699,95221.32506645168,97447.03392896855
2022-06-10,389.8,0.28457625181353413,410.0,2022-07-01,0.057534246575342465,1.0,0.0,27.478576098712537,2747.8576098712538,-51.98358772744327,2.337171133681079,58.14324529594083,-39.395682891889855,95221.32506645168,97969.18267632293
2022-06-13,375.0,0.3283727742316999,410.0,2022-07-01,0.049315068493150684,1.0,0.0,38.054342308968764,3805.434230896876,-76.48494567461677,1.4421065410399831,32.840265903371055,-29.95513672554626,95221.32506645168,99026.75929734856
2022-06-14,373.87,0.32039050879688447,410.0,2022-07-01,0.04657534246575343,1.0,0.0,38.42041043794941,3842.041043794941,-80.62536506715006,1.3265459924964185,27.66936847693095,-26.07353836591877,95221.32506645168,99063.36611024663
2022-06-15,379.2,0.2997456024270462,410.0,2022-07-01,0.043835616438356165,1.0,0.0,33.33232880047554,3333.232880047554,-77.486501722055,1.6066036434300177,30.354657943827927,-28.433360099498834,95221.32506645168,98554.55794649923
2022-06-16,366.65,0.3152281613539015,410.0,2022-07-01,0.0410958904109589,1.0,0.0,44.15369032198314,4415.369032198314,-91.39791383570146,0.7801262136296332,13.586001347821233,-14.275634083417717,95221.32506645168,99636.69409865
2022-06-17,365.86,0.30424155769406713,410.0,2022-07-01,0.038356164383561646,1.0,0.0,44.63478140959812,4463.478140959812,-94.01468375176324,0.6229786892730845,9.730983987686315,-10.57346330824896,95221.32506645168,99684.80320741149
2022-06-21,375.07,0.30511269873600977,410.0,2022-07-01,0.0273972602739726,1.0,0.0,35.54987862149281,3554.9878621492808,-91.77741325310338,0.9303660422198079,10.940720573743372,-16.690763901857128,95221.32506645168,98776.31292860096
2022-06-22,374.39,0.29386061414912445,410.0,2022-07-01,0.024657534246575342,1.0,0.0,35.94336578832016,3594.3365788320157,-94.83402154119953,0.6953712786096884,7.062464144855913,-11.529889172297391,95221.32506645168,98815.6616452837
2022-06-23,378.06,0.2955423170877284,410.0,2022-07-01,0.021917808219178082,1.0,0.0,32.36913930624,3236.913930624,-93.30132369634741,0.9010626749572906,8.342443164688222,-15.409656144153988,95221.32506645168,98458.23899707568
2022-06-24,390.08,0.2928269766719389,410.0,2022-07-01,0.019178082191780823,1.0,0.0,21.636734707815762,2163.6734707815763,-77.29157678216265,2.4319126591269384,20.781246816082383,-43.466497690191154,95221.32506645168,97384.99853723326
2022-06-27,388.59,0.287418073051921,410.0,2022-07-01,0.010958904109589041,1.0,0.0,21.768260209905698,2176.8260209905698,-92.28478800782287,1.431216818995165,6.807221337755612,-24.456480496695477,95221.32506645168,97398.15108744225
2022-06-28,380.65,0.29200419181404,410.0,2022-07-01,0.00821917808219178,1.0,0.0,29.365613086859316,2936.5613086859316,-99.4770094425314,0.16042016216017374,0.5578636903979178,-2.7149756009506967,95221.32506645168,98157.88637513762
2022-06-29,380.34,0.2908888250884252,410.0,2022-07-01,0.005479452054794521,1.0,0.0,29.66104572394889,2966.104572394889,-99.94921550541906,0.02312557783492635,0.05332130454797524,-0.3877642908035655,95221.32506645168,98187.42963884657
2022-06-30,377.25,0.29419135330486834,410.0,2022-07-01,0.0027397260273972603,1.0,0.0,32.75000006784052,3275.000006784052,-99.99999328174476,6.444949823281919e-06,7.392904175209841e-06,-0.00010874642420790973,95221.32506645168,98496.32507323573
2022-07-01,381.24,0.2843184062409727,381.0,2022-07-29,0.07671232876712329,1.0,0.0,23.940931090139458,2394.0931090139457,3.7782093541829376,2.654708067593302,84.15575765103847,-42.72684087740144,95703.23195743773,98097.32506645168
2022-07-05,381.96,0.28330254705159297,381.0,2022-07-29,0.06575342465753424,1.0,0.0,22.12006358834256,2212.006358834256,5.657343184038455,2.8682631005662875,77.95134472954597,-46.007946891619035,95703.23195743773,97915.23831627199
2022-07-06,383.25,0.2784830884583922,381.0,2022-07-29,0.06301369863013699,1.0,0.0,21.38502181424576,2138.502181424576,9.486900759893185,2.957039588163558,76.21759910926724,-46.14198346702682,95703.23195743773,97841.7341388623
2022-07-07,388.99,0.27607099355136633,381.0,2022-07-29,0.06027397260273973,1.0,0.0,21.783964786481192,2178.3964786481192,26.621902534519304,2.856267646450639,71.91613992844316,-45.1226368236918,95703.23195743773,97881.62843608586
2022-07-08,388.67,0.26692682602550377,381.0,2022-07-29,0.057534246575342465,1.0,0.0,20.600467597999767,2060.046759799977,26.863728023509935,3.022802308804287,70.12783614851384,-44.569049331331875,95703.23195743773,97763.27871723771
2022-07-11,384.23,0.2726317453151201,381.0,2022-07-29,0.049315068493150684,1.0,0.0,18.65930299265608,1865.930299265608,13.476044329092463,3.3808702978937357,67.10689057441483,-50.82074638881527,95703.23195743773,97569.16225670333
2022-07-12,380.83,0.2725638600243353,381.0,2022-07-29,0.04657534246575343,1.0,0.0,17.875752065532538,1787.5752065532538,1.7411940018917438,3.560895111206772,65.56103707784072,-52.55755686216128,95703.23195743773,97490.80716399099
2022-07-13,378.83,0.2545602200604642,381.0,2022-07-29,0.043835616438356165,1.0,0.0,16.246622609207577,1624.6622609207577,-6.417687763991609,3.9389793857490383,63.079768657167136,-50.179999346036375,95703.23195743773,97327.89421835849
2022-07-14,377.91,0.2519970546182896,381.0,2022-07-29,0.0410958904109589,1.0,0.0,15.660949809032104,1566.0949809032104,-10.648979758516152,4.096055535758171,60.58100361388017,-50.8874482550592,95703.23195743773,97269.32693834095
2022-07-15,385.13,0.24067910537658496,381.0,2022-07-29,0.038356164383561646,1.0,0.0,14.780624423090188,1478.062442309019,19.919049385475507,4.257495643110969,58.296498633724184,-50.109818349114434,95703.23195743773,97181.29439974675
2022-07-18,381.95,0.23348378428913674,381.0,2022-07-29,0.030136986301369864,1.0,0.0,12.359520133365493,1235.9520133365493,6.511980166708353,5.136617800428773,52.72867103489217,-55.96040751710735,95703.23195743773,96939.18397077428
2022-07-19,392.27,0.23550206522418246,381.0,2022-07-29,0.0273972602739726,1.0,0.0,15.237661317846985,1523.7661317846985,55.711127911125004,3.887346870887127,38.594493096535885,-45.445414152573264,95703.23195743773,97226.99808922243
2022-07-20,394.77,0.22600831296747345,381.0,2022-07-29,0.024657534246575342,1.0,0.0,16.06143870677831,1606.143870677831,69.13948141182954,3.3915176176457615,29.454823127542685,-36.983527132284685,95703.23195743773,97309.37582811556
2022-07-21,398.79,0.22178582617795073,381.0,2022-07-29,0.021917808219178082,1.0,0.0,18.749677592489974,1874.9677592489975,84.03584366566537,2.2668832087555884,17.524618603814556,-24.2919500968781,95703.23195743773,97578.19971668674
2022-07-22,395.09,0.22249685292919105,381.0,2022-07-29,0.019178082191780823,1.0,0.0,15.491333874950584,1549.1333874950583,76.75071947785143,3.2133964341851105,21.403531224898995,-34.01584527936929,95703.23195743773,97252.3653449328
2022-07-25,395.57,0.21240166478597736,381.0,2022-07-29,0.010958904109589041,1.0,0.0,14.895224440047784,1489.5224440047784,91.06634189288809,2.142525081316881,7.80364766125469,-20.718846933171182,95703.23195743773,97192.75440144251
2022-07-26,390.89,0.22233836822328298,381.0,2022-07-29,0.00821917808219178,1.0,0.0,10.642539645526014,1064.2539645526015,79.99577513479564,4.455401063266782,12.440525585373122,-46.10010264153104,95703.23195743773,96767.48592199033
2022-07-27,401.04,0.21500653693119307,381.0,2022-07-29,0.005479452054794521,1.0,0.0,20.042132730650874,2004.2132730650874,99.87570257573543,0.06809207272369891,0.12902109780787394,-0.693509485768293,95703.23195743773,97707.44523050282
2022-07-28,406.07,0.2106143987081453,381.0,2022-07-29,0.0027397260273972603,1.0,0.0,25.070000005289135,2507.0000005289135,99.99999927985009,9.571774338994233e-07,9.107296090484787e-07,-9.59063844977248e-06,95703.23195743773,98210.23195796665
2022-07-29,411.99,0.2041865844323229,412.0,2022-08-26,0.07671232876712329,1.0,0.0,18.588055592337128,1858.8055592337128,2.2216283368724943,3.423144275629228,91.01037936624613,-33.184104483363846,96943.42639820401,98802.23195743773
2022-08-01,410.77,0.21335530551000048,411.0,2022-08-31,0.0821917808219178,1.0,0.0,20.050650704260335,2005.0650704260333,1.709901857437085,3.174855460633553,93.9405787538626,-33.40453479969436,96773.55104634134,98778.61611676737
2022-08-02,408.06,0.22127451874179888,411.0,2022-08-31,0.07945205479452055,1.0,0.0,20.511745071737863,2051.1745071737864,-6.687639752594482,3.1239419436009674,91.45080715573775,-34.88919541712917,96773.55104634134,98824.72555351512
2022-08-03,414.45,0.21131343066507385,411.0,2022-08-31,0.07671232876712329,1.0,0.0,19.466904705130844,1946.6904705130844,13.663143411605482,3.2409892829434503,90.24313012428249,-34.05283110806573,96773.55104634134,98720.24151685442
2022-08-04,414.17,0.20676028817366332,411.0,2022-08-31,0.07397260273972603,1.0,0.0,18.68212934010768,1868.2129340107679,13.085689270680973,3.379598631749102,88.66667650731877,-33.94953256676707,96773.55104634134,98641.7639803521
2022-08-05,413.47,0.2051233681709807,411.0,2022-08-31,0.07123287671232877,1.0,0.0,18.11240583287025,1811.2405832870252,10.88259085228309,3.492012736785096,87.2287099984768,-34.40893614634089,96773.55104634134,98584.79162962837
2022-08-08,412.99,0.20320356954324714,411.0,2022-08-31,0.06301369863013699,1.0,0.0,16.841260211388374,1684.1260211388374,9.5672580291861,3.760231066410907,82.12207404542198,-36.27717083548824,96773.55104634134,98457.67706748018
2022-08-09,411.35,0.20466689144632444,411.0,2022-08-31,0.06027397260273973,1.0,0.0,16.48526289035351,1648.526289035351,3.355251263833625,3.8568419113959793,80.50674185904504,-37.44787408355098,96773.55104634134,98422.07733537669
2022-08-10,419.99,0.1948782373494385,411.0,2022-08-31,0.057534246575342465,1.0,0.0,17.125739871387935,1712.5739871387937,37.32235023582553,3.6110081088150574,71.41610111047353,-33.13677119709133,96773.55104634134,98486.12503348013
2022-08-11,419.99,0.19720269819087424,411.0,2022-08-31,0.0547945205479452,1.0,0.0,16.952567335686666,1695.2567335686667,37.71520059358695,3.646658038286584,69.50610043406492,-34.266976365808745,96773.55104634134,98468.80777991
2022-08-12,427.1,0.19242505893435718,411.0,2022-08-31,0.052054794520547946,1.0,0.0,19.964866631843606,1996.4866631843606,63.037708052496846,2.8453111977213585,51.988978057495196,-26.32626885960662,96773.55104634134,98770.0377095257
2022-08-15,428.86,0.19224815718060356,411.0,2022-08-31,0.043835616438356165,1.0,0.0,20.383877846338812,2038.3877846338812,71.8488041702519,2.588252084832741,40.11686238730612,-24.101227705710844,96773.55104634134,98811.93883097522
2022-08-16,429.7,0.18375645856918216,411.0,2022-08-31,0.0410958904109589,1.0,0.0,20.476494492000327,2047.6494492000327,77.48911277319858,2.3883628855857397,33.302131248199245,-20.398272336583968,96773.55104634134,98821.20049554137
2022-08-17,426.65,0.1869937379266527,411.0,2022-08-31,0.038356164383561646,1.0,0.0,18.107199902073482,1810.7199902073482,70.10796719855499,2.9772875329267974,38.87107156723448,-25.959453462755732,96773.55104634134,98584.27103654869
2022-08-18,427.89,0.1843118603284643,411.0,2022-08-31,0.03561643835616438,1.0,0.0,18.673336368305982,1867.3336368305982,76.00834061488682,2.6873907876133685,32.2997282462593,-22.897011542968837,96773.55104634134,98640.88468317194
2022-08-19,422.14,0.19250285065096212,411.0,2022-08-31,0.03287671232876712,1.0,0.0,14.848102022121907,1484.8102022121907,56.675537660787924,3.9833638322390925,44.92504637225494,-36.03416455119058,96773.55104634134,98258.36124855353
2022-08-22,413.35,0.21989939410561715,411.0,2022-08-31,0.024657534246575342,1.0,0.0,11.509734353762354,1150.9734353762356,14.47161498470409,5.497944409037553,50.934248864313034,-62.22450258048422,96773.55104634134,97924.52448171757
2022-08-23,412.35,0.21921331488670465,411.0,2022-08-31,0.021917808219178082,1.0,0.0,10.713968455100115,1071.3968455100116,9.335528534137843,5.921370275532193,48.374698249044215,-66.27736224885656,96773.55104634134,97844.94789185135
2022-08-24,413.67,0.20314991739292804,411.0,2022-08-31,0.019178082191780823,1.0,0.0,9.49946716446766,949.946716446766,19.29502131747778,6.65447713193168,44.36534010864129,-64.37725127271169,96773.55104634134,97723.4977627881
2022-08-25,419.51,0.19748775498331395,411.0,2022-08-31,0.01643835616438356,1.0,0.0,10.995976673586881,1099.597667358688,58.895450629555214,5.357790932842969,30.610396642003018,-50.37648759981623,96773.55104634134,97873.14871370002
2022-08-26,405.31,0.23471864213980048,411.0,2022-08-31,0.0136986301369863,1.0,0.0,10.073912731458392,1007.3912731458392,-37.85041041165872,6.3435513159339525,33.50671250883417,-78.64650062642227,96773.55104634134,97780.94231948718
2022-08-29,402.63,0.23899010180163843,411.0,2022-08-31,0.005479452054794521,1.0,0.0,9.240609235010474,924.0609235010475,-75.1580352594471,5.754512568405657,12.216248277928496,-72.98906048940553,96773.55104634134,97697.61196984239
2022-08-30,398.21,0.2398709224722647,411.0,2022-08-31,0.0027397260273972603,1.0,0.0,12.809256026404764,1280.9256026404764,-98.79833843274737,0.6809913759865931,0.7096605719473628,-8.511346801760446,96773.55104634134,98054.47664898181
2022-08-31,395.18,0.23433292645337034,395.0,2022-09-30,0.0821917808219178,1.0,0.0,21.174439739527998,2117.4439739527998,3.2203551576485188,3.0029193125450067,90.32236139139629,-35.275838781708,96238.10707238854,98355.55104634134
2022-09-01,396.42,0.2328311070912335,396.0,2022-09-30,0.07945205479452055,1.0,0.0,20.746161591828468,2074.616159182847,3.905399270697152,3.0631641945610304,89.04868856201574,-35.74707714295962,96238.31394896112,98312.93010814396
2022-09-02,392.24,0.23629427418378943,396.0,2022-09-30,0.07671232876712329,1.0,0.0,20.79491071221301,2079.491071221301,-9.000886987426693,3.0883549278865567,86.12898536190006,-36.34247514692214,96238.31394896112,98317.80502018242
2022-09-06,390.76,0.2417983615026666,396.0,2022-09-30,0.06575342465753424,1.0,0.0,19.905046415489664,1990.5046415489664,-14.585898233906459,3.2380136053245994,78.60869779533662,-39.59886318077224,96238.31394896112,98228.81859051008
2022-09-07,397.78,0.2332734296595699,396.0,2022-09-30,0.06301369863013699,1.0,0.0,18.595242619400466,1859.5242619400465,8.43129283542648,3.4062817170699136,79.22581152747293,-40.176688636035415,96238.31394896112,98097.83821090117
2022-09-08,400.38,0.22133952127969425,396.0,2022-09-30,0.06027397260273973,1.0,0.0,17.614764235262015,1761.4764235262014,18.159375637275232,3.5718820535358726,76.38896800009091,-38.427040018613646,96238.31394896112,97999.79037248732
2022-09-09,406.6,0.2203124252695209,396.0,2022-09-30,0.057534246575342465,1.0,0.0,18.98862697075596,1898.8626970755959,40.131707699197186,3.233132718526298,67.75224694591738,-35.539671052653695,96238.31394896112,98137.17664603672
2022-09-12,410.97,0.22435549524983084,396.0,2022-09-30,0.049315068493150684,1.0,0.0,20.289635438055072,2028.9635438055072,55.850648737717215,2.8977834342724695,54.15050587740863,-33.74712101154135,96238.31394896112,98267.27749276663
2022-09-13,393.1,0.26408903982590753,396.0,2022-09-30,0.04657534246575343,1.0,0.0,18.088493891956148,1808.8493891956148,-8.00266944840482,3.543372376785483,67.34871553505235,-52.31193417400046,96238.31394896112,98047.16333815674
2022-09-14,394.6,0.257709862111184,396.0,2022-09-30,0.043835616438356165,1.0,0.0,17.05268533671199,1705.2685336711988,-3.0838504218944127,3.744672455923576,65.86977118882692,-53.04778015739947,96238.31394896112,97943.58248263232
2022-09-15,390.12,0.25881240474823686,396.0,2022-09-30,0.0410958904109589,1.0,0.0,17.11668130083666,1711.668130083666,-20.428467602450436,3.769665187779499,61.021473812440576,-52.64371459559768,96238.31394896112,97949.98207904478
2022-09-16,385.56,0.25886496685895116,396.0,2022-09-30,0.038356164383561646,1.0,0.0,17.950563136934804,1795.0563136934804,-38.408057666645774,3.599260577158053,53.12582456189241,-49.115767194888335,96238.31394896112,98033.3702626546
2022-09-19,388.55,0.25641406637645486,396.0,2022-09-30,0.030136986301369864,1.0,0.0,15.180025896804608,1518.002589680461,-31.408740797507402,4.250968000252183,49.59333669737197,-57.80195058068095,96238.31394896112,97756.31653864158
2022-09-20,384.09,0.262333103195062,396.0,2022-09-30,0.0273972602739726,1.0,0.0,16.721753471100257,1672.1753471100258,-50.4484339379456,3.7925346480171376,40.21201072674297,-52.744707798298016,96238.31394896112,97910.48929607114
2022-09-21,377.39,0.2692260694556768,396.0,2022-09-30,0.024657534246575342,1.0,0.0,20.686682675686455,2068.6682675686457,-73.62015740909568,2.6785709412177923,25.325071786771037,-37.87871964352901,96238.31394896112,98306.98221652977
2022-09-22,374.22,0.2648728051179831,396.0,2022-09-30,0.021917808219178082,1.0,0.0,22.787012719454157,2278.7012719454156,-84.52686407001329,1.9754187196205892,16.060077891655705,-26.586736759850943,96238.31394896112,98517.01522090654
2022-09-23,367.95,0.2774231337943955,396.0,2022-09-30,0.019178082191780823,1.0,0.0,28.363996711166635,2836.3996711166637,-94.16494373454599,0.9406428438160332,6.775638376723885,-13.42656308520222,96238.31394896112,99074.71362007779
2022-09-26,364.31,0.2824217033069918,396.0,2022-09-30,0.010958904109589041,1.0,0.0,31.705915310687736,3170.5915310687737,-99.49901926803835,0.1443638605835844,0.5930152572307676,-2.093504737926841,96238.31394896112,99408.90548002989
2022-09-27,363.38,0.2845235529033459,396.0,2022-09-30,0.00821917808219178,1.0,0.0,32.622198945213626,3262.2198945213627,-99.90990277122597,0.03442860800541145,0.10631342718583935,-0.5041445670707697,96238.31394896112,99500.53384348248
2022-09-28,370.53,0.276054021568031,396.0,2022-09-30,0.005479452054794521,1.0,0.0,25.47237648514802,2547.237648514802,-99.88176527448478,0.05480981151397362,0.11382463622265247,-0.7855437145695344,96238.31394896112,98785.55159747592
2022-09-29,362.79,0.2891049300689651,396.0,2022-09-30,0.0027397260273972603,1.0,0.0,33.21000000667955,3321.000000667955,-99.99999925593318,8.056914008900278e-07,8.399278407672657e-07,-1.214136398339986e-05,96238.31394896112,99559.31394962908
2022-09-30,357.18,0.28838333172165975,357.0,2022-10-28,0.07671232876712329,1.0,0.0,22.751691920208486,2275.1691920208486,3.6887146958400843,2.7937384535010943,78.84884449658757,-40.60480799701603,97845.14475694027,100120.31394896112
2022-10-03,366.61,0.2883280084523103,367.0,2022-11-02,0.0821917808219178,1.0,0.0,24.187367822334778,2418.7367822334777,2.2711067758602432,2.631835530934696,83.82674104318592,-40.28266216671557,97737.71216620583,100156.44894843931
2022-10-04,377.97,0.29239540899703387,367.0,2022-11-02,0.07945205479452055,1.0,0.0,26.03393494242445,2603.3934942424453,30.978937321986415,2.3657244552052803,78.51533778139597,-39.581938453675065,97737.71216620583,100341.10566044827
2022-10-05,377.09,0.28563159070165334,367.0,2022-11-02,0.07671232876712329,1.0,0.0,24.84356974792462,2484.356974792462,29.782742423775193,2.4860199004013666,77.4579568742256,-39.50792756158057,97737.71216620583,100222.0691409983
2022-10-06,373.2,0.29708569559693426,367.0,2022-11-02,0.07397260273972603,1.0,0.0,24.364408635910024,2436.440863591002,19.565836529800862,2.5659881215994167,78.53993778278961,-43.20942971914813,97737.71216620583,100174.15302979684
2022-10-07,362.79,0.30360509796606017,367.0,2022-11-02,0.07123287671232877,1.0,0.0,23.823686362761862,2382.3686362761864,-8.114130191209213,2.700113017962281,76.85676510765265,-44.873280192044916,97737.71216620583,100120.08080248201
2022-10-10,360.02,0.30752687543337043,367.0,2022-11-02,0.06301369863013699,1.0,0.0,23.07317841986162,2307.317841986162,-16.644553141742602,2.808170327497385,70.53338852292866,-47.1541577960526,97737.71216620583,100045.030008192
2022-10-11,357.74,0.29944130892118254,367.0,2022-11-02,0.06027397260273973,1.0,0.0,22.521126486638906,2252.1126486638905,-24.409541826580387,2.8907577970011458,66.77105525013029,-45.44093677760821,97737.71216620583,99989.82481486973
2022-10-12,356.56,0.2982832011845377,367.0,2022-11-02,0.057534246575342465,1.0,0.0,22.304766540976402,2230.47665409764,-28.68192448611142,2.923306508385839,63.78151359087103,-45.29750964352407,97737.71216620583,99968.18882030348
2022-10-13,365.97,0.297483191638652,367.0,2022-11-02,0.0547945205479452,1.0,0.0,20.374778872764836,2037.4778872764837,-0.4421970963422339,3.1308114091859496,68.35140455926471,-50.83348495318695,97737.71216620583,99775.19005348232
2022-10-14,357.63,0.3010715198287116,367.0,2022-11-02,0.052054794520547946,1.0,0.0,21.243878893629287,2124.3878893629285,-26.777349177155397,3.0632547112639625,61.401843011731025,-48.64827946269952,97737.71216620583,99862.10005556876
2022-10-17,366.82,0.30379888421891493,367.0,2022-11-02,0.043835616438356165,1.0,0.0,18.618258294064816,1861.8258294064817,1.9219419519225733,3.418702437314479,61.260509901129836,-58.15898298326574,97737.71216620583,99599.53799561232
2022-10-18,371.13,0.29958305441637256,367.0,2022-11-02,0.0410958904109589,1.0,0.0,18.183632990585323,1818.3632990585324,16.994241064979647,3.459351234886708,58.662750429900804,-58.58121984751684,97737.71216620583,99556.07546526437
2022-10-19,368.5,0.2990435091545155,367.0,2022-11-02,0.038356164383561646,1.0,0.0,17.22399476744266,1722.3994767442662,7.8804558158114935,3.678963151970733,57.302025549043954,-61.19928143517074,97737.71216620583,99460.1116429501
2022-10-20,365.41,0.29436155409965586,367.0,2022-11-02,0.03561643835616438,1.0,0.0,16.279393711905925,1627.9393711905925,-4.018078822464188,3.925564713062662,54.95340064163835,-62.21603236897574,97737.71216620583,99365.65153739642
2022-10-21,374.29,0.2954125809394408,367.0,2022-11-02,0.03287671232876712,1.0,0.0,16.894412593457787,1689.4412593457787,30.641038196905313,3.6825748153369156,50.10549945173774,-61.67414546790659,97737.71216620583,99427.15342555162
2022-10-24,378.87,0.2962538738404135,367.0,2022-11-02,0.024657534246575342,1.0,0.0,16.959755206030337,1695.9755206030336,52.07509355757085,3.524627591550653,36.957905912262746,-60.82734886409645,97737.71216620583,99433.68768680887
2022-10-25,384.92,0.2893131698621576,367.0,2022-11-02,0.021917808219178082,1.0,0.0,20.072638442744342,2007.2638442744342,74.3397797669404,2.542933994962297,23.891387271350123,-43.20058114924191,97737.71216620583,99744.97601048027
2022-10-26,382.02,0.2803994058161369,367.0,2022-11-02,0.019178082191780823,1.0,0.0,17.294190082797762,1729.419008279776,70.73744147956262,3.0915997428934525,24.262621742476536,-48.5944622866579,97737.71216620583,99467.1311744856
2022-10-27,379.98,0.2766347398404732,367.0,2022-11-02,0.01643835616438356,1.0,0.0,15.27235208848581,1527.2352088485811,68.15669357879204,3.5991606705439176,23.631310969545694,-54.47701301791328,97737.71216620583,99264.94737505441
2022-10-28,389.02,0.26728998288563993,367.0,2022-11-02,0.0136986301369863,1.0,0.0,22.307825615887403,2230.7825615887405,93.96495988491895,1.1235962584581,6.226069530923303,-16.641660183652945,97737.71216620583,99968.49472779458
2022-10-31,386.21,0.264265916248259,367.0,2022-11-02,0.005479452054794521,1.0,0.0,19.231010997830975,1923.1010997830974,99.11524685002516,0.343179376806317,0.7412189180291198,-4.896972412837712,97737.71216620583,99660.81326598894
2022-11-01,384.52,0.2558503732529233,385.0,2022-12-01,0.0821917808219178,1.0,0.0,22.516229035600816,2251.622903560082,1.5691059227844972,2.8283743265036283,87.94055433541455,-37.49937275130799,97238.15239228256,99489.77529584264
2022-11-02,374.87,0.262798395470876,385.0,2022-12-01,0.07945205479452055,1.0,0.0,23.88864094287041,2388.864094287041,-25.324354126463746,2.7273487924454933,80.02577657401842,-36.259733930970434,97238.15239228256,99627.0164865696
2022-11-03,371.01,0.2594345985540746,385.0,2022-12-01,0.07671232876712329,1.0,0.0,24.478468247863603,2447.8468247863602,-36.81988321345212,2.66827927448961,73.09633032810599,-33.86378056151466,97238.15239228256,99685.99921706892
2022-11-04,376.35,0.24820080126150404,385.0,2022-12-01,0.07397260273972603,1.0,0.0,21.64996245749657,2164.996245749657,-23.801011952406228,2.9997889943380973,78.0097034721738,-35.85568686660347,97238.15239228256,99403.14863803222
2022-11-07,379.95,0.24651655657248153,385.0,2022-12-01,0.06575342465753424,1.0,0.0,19.706587217327183,1970.6587217327183,-14.070366349116249,3.2702771268248916,76.5247508830534,-39.30128766720268,97238.15239228256,99208.81111401528
2022-11-08,382.0,0.2527914990299607,385.0,2022-12-01,0.06301369863013699,1.0,0.0,19.561166926320908,1956.1166926320907,-7.29423242031984,3.277757758671026,76.19053386701856,-41.870259278557825,97238.15239228256,99194.26908491465
2022-11-09,374.13,0.2615080012071535,385.0,2022-12-01,0.06027397260273973,1.0,0.0,21.34224446903619,2134.2244469036186,-32.11182859320236,3.0489572647370404,67.26841622101561,-39.98006606892876,97238.15239228256,99372.37683918618
2022-11-10,394.69,0.26483924382726953,385.0,2022-12-01,0.057534246575342465,1.0,0.0,21.249134602769658,2124.913460276966,32.7749575298782,2.9098671052660023,69.07074983236166,-43.553917038536106,97238.15239228256,99363.06585255952
2022-11-11,398.51,0.2522669657895425,385.0,2022-12-01,0.0547945205479452,1.0,0.0,21.51523663659428,2151.523663659428,46.05085277246168,2.808792313025867,61.65887413019685,-38.88624272706019,97238.15239228256,99389.67605594199
2022-11-14,395.12,0.25713673034347295,385.0,2022-12-01,0.04657534246575343,1.0,0.0,19.121892811402887,1912.1892811402886,37.96118076511905,3.2188284644281806,60.18330501387873,-45.51570080156681,97238.15239228256,99150.34167342285
2022-11-15,398.49,0.2616157722752894,385.0,2022-12-01,0.043835616438356165,1.0,0.0,20.393748401082576,2039.3748401082576,48.8260350949947,2.947551941676856,53.676892208143876,-43.88350502615946,97238.15239228256,99277.52723239081
2022-11-16,395.45,0.25914649205846657,385.0,2022-12-01,0.0410958904109589,1.0,0.0,18.434610276423285,1843.4610276423286,40.807396585372494,3.3266527022385266,55.403136551894484,-47.85842828819887,97238.15239228256,99081.61341992489
2022-11-17,394.24,0.25712883848110957,385.0,2022-12-01,0.038356164383561646,1.0,0.0,17.35733308451165,1735.7333084511652,38.02026477199492,3.5535273922839816,54.471207046434714,-50.02185070897781,97238.15239228256,98973.88570073372
2022-11-18,396.03,0.24820569194360065,385.0,2022-12-01,0.03561643835616438,1.0,0.0,17.169176863284505,1716.9176863284506,46.89724822439108,3.534768782526945,49.00940239836624,-46.78620243857251,97238.15239228256,98955.07007861101
2022-11-21,394.59,0.24308305298254573,385.0,2022-12-01,0.0273972602739726,1.0,0.0,14.781580185374239,1478.158018537424,47.236285616803485,4.116773711731827,42.68850671516073,-51.88426269793587,97238.15239228256,98716.31041081998
2022-11-22,399.9,0.2360521062581376,385.0,2022-12-01,0.024657534246575342,1.0,0.0,17.21270614258667,1721.270614258667,70.30228228824326,3.1247177468950134,29.08513789599272,-38.14226700643033,97238.15239228256,98959.42300654123
2022-11-23,402.42,0.2300438636260921,385.0,2022-12-01,0.021917808219178082,1.0,0.0,18.642149312920367,1864.2149312920367,81.19602346627728,2.447680870304405,19.98580670112106,-28.735076195063314,97238.15239228256,99102.3673235746
2022-11-25,402.33,0.22996360866895071,385.0,2022-12-01,0.01643835616438356,1.0,0.0,18.02052179998898,1802.052179998898,86.8461990823725,2.1573486756608107,13.200873761510657,-25.2976713981688,97238.15239228256,99040.20457228145
2022-11-28,395.91,0.2387638612617197,385.0,2022-12-01,0.00821917808219178,1.0,0.0,11.694464200490351,1169.4464200490352,80.69956895952481,3.9902244768061137,12.274032109180146,-48.84325499396968,97238.15239228256,98407.59881233159
2022-11-29,395.23,0.23623022167436974,385.0,2022-12-01,0.005479452054794521,1.0,0.0,10.630077823275904,1063.0077823275903,86.85584067453773,3.7007546085276144,7.482774921866999,-44.19143946330139,97238.15239228256,98301.16017461015
2022-11-30,407.68,0.23615661523782366,385.0,2022-12-01,0.0027397260273972603,1.0,0.0,22.68000355917086,2268.000355917086,99.99964617224786,0.0003395472514531992,0.0003651289624649508,-0.004311380995051057,97238.15239228256,99506.15274819965
2022-12-01,407.38,0.22370776551793314,407.0,2022-12-30,0.07945205479452055,1.0,0.0,20.4854914829979,2048.54914829979,3.695135514148112,3.1027062959539173,91.52216141627156,-35.300376251389146,97427.60324398277,99476.15239228256
2022-12-02,406.91,0.2171197233474138,407.0,2022-12-30,0.07671232876712329,1.0,0.0,19.523416147831284,1952.3416147831285,2.105390254976852,3.259557205438099,89.89173795622767,-34.85226656477567,97427.60324398277,99379.9448587659
2022-12-05,399.59,0.23103500921739809,407.0,2022-12-30,0.0684931506849315,1.0,0.0,20.344580150629554,2034.4580150629554,-21.56468241004097,3.1809957824287345,80.37430939083711,-37.13855862190812,97427.60324398277,99462.06125904573
2022-12-06,393.83,0.24187366582354397,407.0,2022-12-30,0.06575342465753424,1.0,0.0,22.53364178686826,2253.3641786868257,-38.24629653309577,2.8836266253267175,71.1317644672867,-35.84354297541571,97427.60324398277,99680.9674226696
2022-12-07,393.16,0.24490297202679331,407.0,2022-12-30,0.06301369863013699,1.0,0.0,22.64760683865488,2264.760683865488,-40.52869771489009,2.8654773858403537,68.35411508566598,-36.39157811900231,97427.60324398277,99692.36392784826
2022-12-08,396.24,0.2376159671517165,407.0,2022-12-30,0.06027397260273973,1.0,0.0,20.627821803935717,2062.7821803935717,-33.288937470165166,3.1467979878487053,70.76050615987138,-38.213241153006436,97427.60324398277,99490.38542437633
2022-12-09,393.28,0.208984026405727,407.0,2022-12-30,0.057534246575342465,1.0,0.0,19.605954447411378,1960.5954447411377,-49.0116170654163,3.257269183898609,60.575484375989895,-30.141211015170427,97427.60324398277,99388.1986887239
2022-12-12,398.95,0.22364610239936533,407.0,2022-12-30,0.049315068493150684,1.0,0.0,17.241282988119366,1724.1282988119365,-29.412629146559073,3.750087532464645,65.82931231489617,-40.89574756349186,97427.60324398277,99151.7315427947
2022-12-13,401.97,0.20850068367381736,407.0,2022-12-30,0.04657534246575343,1.0,0.0,15.07176224754383,1507.176224754383,-20.040250780618248,4.271358140359919,67.02191168581331,-41.10033649299494,97427.60324398277,98934.77946873715
2022-12-14,399.4,0.1998014401179708,407.0,2022-12-30,0.043835616438356165,1.0,0.0,14.80002870693437,1480.002870693437,-33.25762897884796,4.354395052690721,60.83726495179174,-37.98554109439544,97427.60324398277,98907.60611467621
2022-12-15,389.63,0.21746436870736685,407.0,2022-12-30,0.0410958904109589,1.0,0.0,20.354562454634127,2035.4562454634126,-66.66151422261932,2.9094748478778327,39.473522851291065,-28.613615758372767,97427.60324398277,99463.05948944618
2022-12-16,383.27,0.21921507064824225,407.0,2022-12-30,0.038356164383561646,1.0,0.0,24.975387451662204,2497.5387451662205,-83.17294194856997,1.8768960734354683,23.182243231220404,-18.149632456131133,97427.60324398277,99925.141989149
2022-12-19,380.02,0.21809981146530313,407.0,2022-12-30,0.030136986301369864,1.0,0.0,27.392874131132672,2739.287413113267,-92.69666967683192,1.1120561776736828,10.555887307300878,-10.464713779869578,97427.60324398277,100166.89065709604
2022-12-20,380.54,0.21256156684989416,407.0,2022-12-30,0.0273972602739726,1.0,0.0,26.75775220065197,2675.775220065197,-94.16447686987155,0.9932282513330665,8.376094530869034,-8.902178887821757,97427.60324398277,100103.37846404797
2022-12-21,386.23,0.20469327499460804,407.0,2022-12-30,0.024657534246575342,1.0,0.0,21.322169690524838,2132.216969052484,-89.33762161837994,1.7484740830336447,13.164501765054155,-14.970472110895741,97427.60324398277,99559.82021303526
2022-12-22,380.72,0.21701807224361108,407.0,2022-12-30,0.021917808219178082,1.0,0.0,26.45402646042761,2645.402646042761,-96.07426909249126,0.7791654624306419,5.371976461886776,-7.286349849354516,97427.60324398277,100073.00589002552
2022-12-23,382.91,0.21121276215352142,407.0,2022-12-30,0.019178082191780823,1.0,0.0,24.245269088054133,2424.5269088054133,-96.16703382972223,0.8338475837953526,4.952282641810285,-7.471323541012059,97427.60324398277,99852.13015278819
2022-12-27,381.4,0.2135095795088105,407.0,2022-12-30,0.00821917808219178,1.0,0.0,25.601565939443642,2560.156593944364,-99.91816007952896,0.03998420387645631,0.10206940571130467,-0.3632132649022473,97427.60324398277,99987.75983792714
2022-12-28,376.66,0.2178009368911373,407.0,2022-12-30,0.005479452054794521,1.0,0.0,30.340001884754997,3034.0001884754997,-99.99983900968199,0.00013230068219458328,0.00022400512905760647,-0.0012197131744291704,97427.60324398277,100461.60343245827
2022-12-29,383.44,0.20413526170382995,407.0,2022-12-30,0.0027397260273972603,1.0,0.0,23.560000017101306,2356.0000017101306,-99.99999753064748,3.462464749261992e-06,2.847117285407256e-06,-2.905985160790541e-05,97427.60324398277,99783.6032456929
2022-12-30,382.43,0.20543902652873602,382.0,2023-01-27,0.07671232876712329,1.0,0.0,17.353600283219862,1735.3600283219862,3.8460658922045585,3.662415648067676,84.41500553029762,-30.968101001003955,98149.24321566078,99884.60324398277
2023-01-03,380.82,0.21277158279424085,381.0,2023-02-02,0.0821917808219178,1.0,0.0,18.536850766635894,1853.6850766635894,1.8152748095442428,3.4338401625930346,87.08865589750603,-30.883318597892266,97958.39016412213,99812.07524078572
2023-01-04,383.76,0.20554220759740519,381.0,2023-02-02,0.07945205479452055,1.0,0.0,17.810666564345354,1781.0666564345354,12.203726806825244,3.5465558746564008,85.29672713143441,-30.227719992118118,97958.39016412213,99739.45682055666
2023-01-05,379.38,0.20726501403065511,381.0,2023-02-02,0.07671232876712329,1.0,0.0,17.45957053283817,1745.957053283817,-3.630953560893846,3.6597973856385217,83.75236393807373,-30.998098012009617,97958.39016412213,99704.34721740594
2023-01-06,388.08,0.20722911032983732,381.0,2023-02-02,0.07397260273972603,1.0,0.0,18.204822789345883,1820.4822789345883,27.730358464403416,3.4252209018172204,79.07747089797348,-30.34658137281601,97958.39016412213,99778.87244305672
2023-01-09,387.86,0.21127428691386374,381.0,2023-02-02,0.06575342465753424,1.0,0.0,17.508435467401654,1750.8435467401655,27.851853064311037,3.563400781354205,74.46971280083811,-32.77819889307771,97958.39016412213,99709.2337108623
2023-01-10,390.58,0.2031088525388821,381.0,2023-02-02,0.06301369863013699,1.0,0.0,17.51738483927356,1751.7384839273561,39.1742096915487,3.513459026713054,68.5991476498974,-30.289335139817407,97958.39016412213,99710.12864804949
2023-01-11,395.52,0.2055228341804036,381.0,2023-02-02,0.06027397260273973,1.0,0.0,19.735481923810568,1973.5481923810567,55.661345299753506,2.980383120496053,57.756237003979514,-26.977785274211303,97958.39016412213,99931.93835650319
2023-01-12,396.96,0.19131803070971085,381.0,2023-02-02,0.057534246575342465,1.0,0.0,19.582211005621687,1958.2211005621687,64.09471437019903,2.8761347164611815,49.88673147078713,-22.724360056036073,97958.39016412213,99916.6112646843
2023-01-13,398.5,0.19502655035264127,381.0,2023-02-02,0.0547945205479452,1.0,0.0,20.556764831147582,2055.6764831147584,68.5837374100203,2.6427662374372765,44.84832953451038,-21.866537495485098,97958.39016412213,100014.06664723689
2023-01-17,397.77,0.18513995874972078,381.0,2023-02-02,0.043835616438356165,1.0,0.0,18.795099480900937,1879.5099480900938,74.17848506722669,2.7309562925184787,35.06760298138345,-20.28879552945287,97958.39016412213,99837.90011221223
2023-01-18,391.49,0.1907309990517554,381.0,2023-02-02,0.0410958904109589,1.0,0.0,14.739032680057662,1473.9032680057662,52.957525568343634,4.062280866807696,48.801252881462005,-31.026372390195352,97958.39016412213,99432.2934321279
2023-01-19,388.64,0.19147384279938148,381.0,2023-02-02,0.038356164383561646,1.0,0.0,13.090044399841403,1309.0044399841404,41.64436162821916,4.710948507576996,52.2574215054651,-35.73546182299444,97958.39016412213,99267.39460410627
2023-01-20,395.88,0.19175613214367648,381.0,2023-02-02,0.03561643835616438,1.0,0.0,16.971569312460026,1697.1569312460026,71.84111947517371,3.119178459990815,33.38620803549314,-24.623115845501133,97958.39016412213,99655.54709536814
2023-01-23,400.63,0.19053209025504853,381.0,2023-02-02,0.0273972602739726,1.0,0.0,20.212193661038306,2021.2193661038307,89.23353912686184,1.7312537956923522,14.505173910652925,-13.818505523548488,97958.39016412213,99979.60953022596
2023-01-24,400.2,0.18286954594150057,381.0,2023-02-02,0.024657534246575342,1.0,0.0,19.59810450210084,1959.810450210084,91.57427869835222,1.5641290764744256,11.295820685221306,-11.47589777635017,97958.39016412213,99918.20061433222
2023-01-25,400.35,0.1820327228425479,381.0,2023-02-02,0.021917808219178082,1.0,0.0,19.622741096237448,1962.2741096237448,93.59355753757362,1.331601137143952,8.515308976551953,-9.687905492795885,97958.39016412213,99920.66427374588
2023-01-26,404.75,0.18034778515148586,381.0,2023-02-02,0.019178082191780823,1.0,0.0,23.800049909746328,2380.0049909746326,98.50535333053041,0.40843905250233054,2.314285655920979,-2.981259230380016,97958.39016412213,100338.39515509676
2023-01-27,405.68,0.1750055538205892,381.0,2023-02-02,0.01643835616438356,1.0,0.0,24.69354927097709,2469.354927097709,99.50229558389161,0.16981260069279328,0.8039838511455576,-1.1725136594378203,97958.39016412213,100427.74509121984
2023-01-30,400.59,0.18393082625182955,381.0,2023-02-02,0.00821917808219178,1.0,0.0,19.594860298148177,1959.4860298148178,99.74315572314674,0.12677841175488638,0.3075589901374003,-0.942826319619172,97958.39016412213,99917.87619393694
2023-01-31,406.48,0.18257499001552763,381.0,2023-02-02,0.005479452054794521,1.0,0.0,25.480001717785274,2548.0001717785276,99.99983871112886,0.00014650900722369806,0.0002421704261826997,-0.0011053565785590616,97958.39016412213,100506.39033590067
2023-02-01,410.8,0.17327975351727104,411.0,2023-03-03,0.0821917808219178,1.0,0.0,16.285999018157185,1628.5999018157186,1.2000534580733524,3.9092953622208375,93.95838988862046,-27.135144401299677,99309.79026230641,100938.39016412213
2023-02-02,416.78,0.17996714124449348,411.0,2023-03-03,0.07945205479452055,1.0,0.0,17.380985722626434,1738.0985722626433,23.632820703391637,3.6070962480433857,89.59212195914544,-27.79937597761278,99309.79026230641,101047.88883456906
2023-02-03,412.35,0.1771868730489175,411.0,2023-03-03,0.07671232876712329,1.0,0.0,16.15411058315499,1615.4110583154988,7.279274907983896,3.926426919930029,90.74573596188101,-28.712416424300713,99309.79026230641,100925.20132062191
2023-02-06,409.83,0.17924523559766453,411.0,2023-03-03,0.0684931506849315,1.0,0.0,15.388470595085607,1538.8470595085607,-2.976618550154214,4.147274334405051,85.5194740350631,-30.657916543206486,99309.79026230641,100848.63732181498
2023-02-07,415.19,0.17605449530223954,411.0,2023-03-03,0.06575342465753424,1.0,0.0,15.252406973521715,1525.2406973521715,19.52858812576437,4.128687517668062,82.38938855965225,-30.218796294020173,99309.79026230641,100835.03095965859
2023-02-08,410.65,0.1847616986350727,411.0,2023-03-03,0.06301369863013699,1.0,0.0,15.204098721508615,1520.4098721508615,0.38466568627704145,4.1892256603759925,82.24780704881462,-33.03531421597542,99309.79026230641,100830.20013445728
2023-02-09,407.09,0.19127051056993571,411.0,2023-03-03,0.06027397260273973,1.0,0.0,15.640773389264552,1564.0773389264552,-14.291220769295098,4.10671608914589,78.46091738213755,-34.107408471515896,99309.79026230641,100873.86760123287
2023-02-10,408.04,0.1901255392725551,411.0,2023-03-03,0.057534246575342465,1.0,0.0,15.086548736967927,1508.6548736967927,-10.793576986473962,4.24849805633367,77.3762701014881,-35.02667876177216,99309.79026230641,100818.44513600321
2023-02-13,412.83,0.1905010611929794,411.0,2023-03-03,0.049315068493150684,1.0,0.0,13.97938847975621,1397.938847975621,10.040156992798078,4.532365531217392,72.5678852382371,-38.400719851151415,99309.79026230641,100707.72911028203
2023-02-14,412.64,0.18179547551828765,411.0,2023-03-03,0.04657534246575343,1.0,0.0,12.957165528578514,1295.7165528578514,9.64034052390576,4.892401788663834,70.53487372625057,-37.71447326378263,99309.79026230641,100605.50681516426
2023-02-15,413.98,0.17235997958821303,411.0,2023-03-03,0.043835616438356165,1.0,0.0,12.113437608664356,1211.3437608664356,17.275722719740095,5.215168528710557,67.52904685185767,-36.372828553117714,99309.79026230641,100521.13402317285
2023-02-16,408.28,0.1868552372381212,411.0,2023-03-03,0.0410958904109589,1.0,0.0,12.569702348115158,1256.9702348115156,-12.424511947013112,5.096465089075595,65.23624203193984,-40.63244493800537,99309.79026230641,100566.76049711792
2023-02-17,407.26,0.18900181473179437,411.0,2023-03-03,0.038356164383561646,1.0,0.0,12.449146223606164,1244.9146223606162,-18.070670951381178,5.156458897189425,62.000646707131025,-41.85083836497362,99309.79026230641,100554.70488466704
2023-02-21,399.09,0.20393194956839247,411.0,2023-03-03,0.0273972602739726,1.0,0.0,14.803863446362385,1480.3863446362384,-60.705485327679256,4.112012188879423,36.592197520695635,-37.31159089693579,99309.79026230641,100790.17660694265
2023-02-22,398.54,0.20046191243853012,411.0,2023-03-03,0.024657534246575342,1.0,0.0,14.67312865425123,1467.312865425123,-66.40797711695781,4.003097891465711,31.4283483095616,-35.001037816216474,99309.79026230641,100777.10312773153
2023-02-23,400.66,0.1940189759412682,411.0,2023-03-03,0.021917808219178082,1.0,0.0,12.737119204524603,1273.7119204524604,-61.71769196541095,4.737381492277537,32.33937802267004,-39.21533129084997,99309.79026230641,100583.50218275888
2023-02-24,396.38,0.19678812642092203,411.0,2023-03-03,0.019178082191780823,1.0,0.0,15.561203612754973,1556.1203612754973,-81.16366942096738,3.109432898846483,18.437783978257634,-25.916692603107244,99309.79026230641,100865.9106235819
2023-02-27,397.73,0.19260371507041119,411.0,2023-03-03,0.010958904109589041,1.0,0.0,13.624814555156362,1362.4814555156363,-89.42663146277144,2.688810637556318,8.97777474772629,-21.614409618467587,99309.79026230641,100672.27171782205
2023-02-28,396.26,0.1889759457162588,411.0,2023-03-03,0.00821917808219178,1.0,0.0,14.82189255903037,1482.189255903037,-96.62637315681555,1.233772132338516,3.009056514667848,-9.477321676217104,99309.79026230641,100791.97951820945
2023-03-01,394.74,0.18427923431898124,395.0,2023-03-31,0.0821917808219178,1.0,0.0,16.644394874500165,1664.4394874500165,1.113207053547921,3.825569165626671,90.2865631037601,-27.729897863422153,99271.83550766454,100936.27499511455
2023-03-02,397.81,0.17727549379403407,395.0,2023-03-31,0.07945205479452055,1.0,0.0,15.961560758935775,1596.1560758935775,13.250962615724449,3.9583861770356874,88.23144475471129,-26.967711960435302,99271.83550766454,100867.99158355812
2023-03-03,404.19,0.17153724396164127,395.0,2023-03-31,0.07671232876712329,1.0,0.0,16.88685517332084,1688.685517332084,38.843621585855544,3.6522486460110395,78.51543854254417,-24.050574885763666,99271.83550766454,100960.52102499662
2023-03-06,404.47,0.17074508196940613,395.0,2023-03-31,0.0684931506849315,1.0,0.0,16.207963865051696,1620.7963865051695,41.94124383016984,3.7895707274527632,72.50333684197105,-24.759176384275623,99271.83550766454,100892.63189416971
2023-03-07,398.27,0.17975191668336304,395.0,2023-03-31,0.06575342465753424,1.0,0.0,14.81829113216952,1481.829113216952,16.00143465688173,4.2586995917619035,79.8406568781588,-29.898981464807868,99271.83550766454,100753.6646208815
2023-03-08,398.92,0.1732686747566833,395.0,2023-03-31,0.06301369863013699,1.0,0.0,14.128410734863138,1412.8410734863137,19.64759553519224,4.458370736331697,77.46451844777825,-29.178640113285176,99271.83550766454,100684.67658115085
2023-03-09,391.56,0.19765575234817429,395.0,2023-03-31,0.06027397260273973,1.0,0.0,15.47220724007127,1547.220724007127,-12.395991422896046,4.148427335516925,75.77385829156758,-34.03895220214485,99271.83550766454,100819.05623167167
2023-03-10,385.91,0.212584199720035,395.0,2023-03-31,0.057534246575342465,1.0,0.0,17.51095674484526,1751.095674484526,-33.35941336121204,3.6949302995966313,67.30320224243479,-34.06570806500873,99271.83550766454,101022.93118214907
2023-03-13,385.36,0.22250069980611614,395.0,2023-03-31,0.049315068493150684,1.0,0.0,17.264313130484325,1726.4313130484325,-36.54582340820796,3.7427203661609023,60.98621337825626,-37.692986542186496,99271.83550766454,100998.26682071298
2023-03-14,391.73,0.2083606022041496,395.0,2023-03-31,0.04657534246575343,1.0,0.0,14.352560042774115,1435.2560042774116,-12.899665483207839,4.470269687670034,66.57007565832204,-40.795826626305235,99271.83550766454,100707.09151194195
2023-03-15,389.28,0.22293244376285598,395.0,2023-03-31,0.043835616438356165,1.0,0.0,15.30975496698801,1530.975496698801,-22.755703584657233,4.211454083471918,62.367257656090224,-43.44901612518714,99271.83550766454,100802.81100436334
2023-03-16,396.11,0.20964521684876464,395.0,2023-03-31,0.0410958904109589,1.0,0.0,13.441372279588649,1344.137227958865,6.954976747938551,4.7215650413724175,63.82648713735366,-44.60305912201798,99271.83550766454,100615.9727356234
2023-03-17,389.99,0.22539215491772446,395.0,2023-03-31,0.038356164383561646,1.0,0.0,14.396605786210586,1439.6605786210584,-21.06068286007281,4.472378517514251,58.805705139388486,-47.33694501008242,99271.83550766454,100711.4960862856
2023-03-20,393.74,0.21916268526827598,395.0,2023-03-31,0.030136986301369864,1.0,0.0,12.013284697175777,1201.3284697175777,-5.178759804471383,5.314934480524937,54.423118380280656,-54.21598529497987,99271.83550766454,100473.16397738212
2023-03-21,398.91,0.1998727148075895,395.0,2023-03-31,0.0273972602739726,1.0,0.0,10.938727691554618,1093.8727691554618,24.669007135049647,5.7545356693176934,50.14420846097403,-50.11229538486289,99271.83550766454,100365.70827682
2023-03-22,392.11,0.20919566401128634,395.0,2023-03-31,0.024657534246575342,1.0,0.0,10.571258580986495,1057.1258580986496,-16.408485260129694,6.063022699816215,48.08474911654851,-55.88400566806935,99271.83550766454,100328.96136576319
2023-03-23,393.17,0.21093799279464845,395.0,2023-03-31,0.021917808219178082,1.0,0.0,9.92731161971588,992.731161971588,-10.587372870166117,6.441103801396787,46.03339172399886,-60.68869532368812,99271.83550766454,100264.56666963613
2023-03-24,395.75,0.2049403629855811,395.0,2023-03-31,0.019178082191780823,1.0,0.0,8.972910423476492,897.2910423476492,6.458061018450034,7.080490555585323,43.58508241619556,-63.802447222368485,99271.83550766454,100169.12655001218
2023-03-27,396.49,0.1979801842566361,395.0,2023-03-31,0.010958904109589041,1.0,0.0,6.6518294284041986,665.1829428404199,15.227783079760249,9.532251377360335,32.51238389645166,-80.46009693052486,99271.83550766454,99937.01845050495
2023-03-28,395.6,0.19408151237065324,395.0,2023-03-31,0.00821917808219178,1.0,0.0,5.57020872334067,557.020872334067,7.573362615157331,11.410985255604743,28.4871018343675,-92.14699678451423,99271.83550766454,99828.8563799986
2023-03-29,401.35,0.19150771028652086,395.0,2023-03-31,0.005479452054794521,1.0,0.0,7.08708276312025,708.708276312025,74.24042992569211,7.388545989086107,12.48903579903363,-59.793666238983,99271.83550766454,99980.54378397657
2023-03-30,403.7,0.1905899753442051,395.0,2023-03-31,0.0027397260273972603,1.0,0.0,8.74075850482525,874.075850482525,97.13936895446864,1.805271580591248,1.5362688813599146,-14.639872411022786,99271.83550766454,100145.91135814706
2023-03-31,409.39,0.18790828730271508,409.0,2023-04-28,0.07671232876712329,1.0,0.0,16.99310271619555,1699.3102716195551,3.5362877692925565,3.7410842159307456,90.38222866676453,-30.327803198882293,99011.52523604498,100710.83550766454
2023-04-03,410.95,0.18714166454085393,411.0,2023-05-03,0.0821917808219178,1.0,0.0,17.59094533504316,1759.094533504316,1.959272353924968,3.617723990018329,93.97498772207305,-29.31105937919177,98861.92420841762,100621.01874192194
2023-04-04,408.67,0.18657796138903543,411.0,2023-05-03,0.07945205479452055,1.0,0.0,17.295740041598492,1729.5740041598492,-6.519962005100677,3.699995270534006,91.60351981982132,-29.467582731107512,98861.92420841762,100591.49821257747
2023-04-05,407.6,0.18726630562004268,411.0,2023-05-03,0.07671232876712329,1.0,0.0,17.153267756897662,1715.3267756897662,-10.677454719098666,3.740257630918621,89.26776840944031,-29.85150928746686,98861.92420841762,100577.25098410739
2023-04-06,409.19,0.1770142816329871,411.0,2023-05-03,0.07397260273972603,1.0,0.0,15.817792499134129,1581.779249913413,-5.389828466409585,4.0409073770524895,88.5947783435378,-29.04174267576864,98861.92420841762,100443.70345833103
2023-04-10,409.61,0.17562837018033672,411.0,2023-05-03,0.06301369863013699,1.0,0.0,14.47449112347968,1447.449112347968,-4.370059968168283,4.411693168317922,81.91737817392159,-31.2761209089829,98861.92420841762,100309.37332076559
2023-04-11,409.72,0.17619846829985464,411.0,2023-05-03,0.06027397260273973,1.0,0.0,14.199242411477599,1419.9242411477599,-4.02586063299728,4.496064787980369,80.15651630063367,-32.09876226459996,98861.92420841762,100281.84844956538
2023-04-12,408.05,0.1735421414923613,411.0,2023-05-03,0.057534246575342465,1.0,0.0,13.803685575554198,1380.3685575554198,-12.100101990693801,4.64328988843911,77.19407103514222,-31.896248566552476,98861.92420841762,100242.29276597305
2023-04-13,413.47,0.16645193936186364,411.0,2023-05-03,0.0547945205479452,1.0,0.0,12.966094645998794,1296.6094645998794,13.755321012499987,4.878879108054573,76.07361528642281,-31.656501996733482,98861.92420841762,100158.5336730175
2023-04-14,412.46,0.15846564440472444,411.0,2023-05-03,0.052054794520547946,1.0,0.0,11.933733834885999,1193.3733834885998,9.24712649725748,5.314506299994557,74.58001367193526,-31.100973490095736,98861.92420841762,100055.29759190622
2023-04-17,413.94,0.15120268875881582,411.0,2023-05-03,0.043835616438356165,1.0,0.0,10.681012465281526,1068.1012465281526,19.04330461629518,5.914513978938631,67.17079454976547,-31.738764818720483,98861.92420841762,99930.02545494577
2023-04-18,414.21,0.14957452677002744,411.0,2023-05-03,0.0410958904109589,1.0,0.0,10.308678830650734,1030.8678830650733,21.41756650039484,6.122492918185439,64.56921145664617,-32.19303082513895,98861.92420841762,99892.7920914827
2023-04-19,414.14,0.14484641763237965,411.0,2023-05-03,0.038356164383561646,1.0,0.0,9.67193323602686,967.193323602686,22.24218575777499,6.525904450965643,62.18390610705558,-32.168271549983054,98861.92420841762,99829.1175320203
2023-04-20,411.88,0.14113037999084183,411.0,2023-05-03,0.03561643835616438,1.0,0.0,8.77155694658353,877.155694658353,7.458903024471808,7.241363832895671,61.74940474860783,-33.51814213992044,98861.92420841762,99739.07990307598
2023-04-21,412.2,0.1388024051917331,411.0,2023-05-03,0.03287671232876712,1.0,0.0,8.320434253237835,832.0434253237835,10.218775109171435,7.6279784629950536,59.14401541329899,-34.2055483002618,98861.92420841762,99693.9676337414
2023-04-24,412.63,0.13904092986929467,411.0,2023-05-03,0.024657534246575342,1.0,0.0,7.29138825946626,729.138825946626,15.24178844889863,8.694403838841588,50.75206491736959,-39.20341277165487,98861.92420841762,99591.06303436426
2023-04-25,406.08,0.15818671687343533,411.0,2023-05-03,0.021917808219178082,1.0,0.0,8.621280652661852,862.1280652661852,-38.4706706628556,7.394721989676426,42.27778120127451,-41.7986462807691,98861.92420841762,99724.0522736838
2023-04-26,404.36,0.15907282484606028,411.0,2023-05-03,0.019178082191780823,1.0,0.0,9.039412562743593,903.9412562743593,-53.36017231266541,6.870328186433033,34.27007287502012,-38.93883785649856,98861.92420841762,99765.86546469197
2023-04-27,412.41,0.151921591756784,411.0,2023-05-03,0.01643835616438356,1.0,0.0,6.496995868106438,649.6995868106438,14.721468296082657,9.763033749414408,41.46876039208266,-52.500000724548954,98861.92420841762,99511.62379522827
2023-04-28,415.93,0.14506928632328547,411.0,2023-05-03,0.0136986301369863,1.0,0.0,6.928348636242333,692.8348636242333,52.27618828348937,8.776269250961356,30.171926788175902,-43.77019886159098,98861.92420841762,99554.75907204185
2023-05-01,415.51,0.14334881924839954,416.0,2023-05-31,0.0821917808219178,1.0,0.0,13.637470083264958,1363.7470083264957,-0.6486476887522963,4.672355879994986,95.04327335796437,-22.70723502227844,98018.3661938401,99382.1132021666
2023-05-02,410.84,0.15628294291688294,416.0,2023-05-31,0.07945205479452055,1.0,0.0,15.109074611326093,1510.9074611326093,-20.61455717526143,4.260650296310217,89.29724188312464,-24.06144095837147,98018.3661938401,99529.27365497271
2023-05-03,408.02,0.1599917435858813,416.0,2023-05-31,0.07671232876712329,1.0,0.0,15.93551284053521,1593.5512840535212,-32.18151151263054,4.0489354480148165,82.73066098062532,-23.63611196125479,98018.3661938401,99611.91747789363
2023-05-04,405.13,0.17137465308220579,416.0,2023-05-31,0.07397260273972603,1.0,0.0,17.665911978178087,1766.5911978178087,-41.40749292887831,3.642709018900488,75.7932931851767,-24.05379504734735,98018.3661938401,99784.95739165791
2023-05-05,412.63,0.1602584605780335,416.0,2023-05-31,0.07123287671232877,1.0,0.0,14.393197060479622,1439.3197060479622,-13.403284915982638,4.456890978117553,86.62735628473656,-26.69762838872446,98018.3661938401,99457.68589988806
2023-05-08,412.74,0.15899150265749357,416.0,2023-05-31,0.06301369863013699,1.0,0.0,13.449931605745832,1344.9931605745833,-14.062423134540808,4.768218087968724,81.38008067729214,-28.12769850711028,98018.3661938401,99363.35935441469
2023-05-09,410.93,0.16377336151753308,416.0,2023-05-31,0.06027397260273973,1.0,0.0,13.875481799418253,1387.5481799418253,-22.425838192463193,4.637052377950588,77.29488891410935,-28.770099512699975,98018.3661938401,99405.91437378192
2023-05-10,412.85,0.15912834525234684,416.0,2023-05-31,0.057534246575342465,1.0,0.0,12.869703134534461,1286.9703134534461,-14.289007956507005,4.981925087501826,77.74200688564457,-29.454659315021846,98018.3661938401,99305.33650729356
2023-05-11,412.13,0.15594248202292743,416.0,2023-05-31,0.0547945205479452,1.0,0.0,12.452266188746336,1245.2266188746335,-18.795690131824465,5.155779269619414,74.82803619301367,-29.1721742221,98018.3661938401,99263.59281271473
2023-05-12,411.59,0.15646516265640686,416.0,2023-05-31,0.052054794520547946,1.0,0.0,12.306850522389453,1230.6850522389454,-22.105610018600125,5.220573202928942,72.03212242398061,-29.65925724093247,98018.3661938401,99249.05124607905
2023-05-15,413.01,0.15698566132253985,416.0,2023-05-31,0.043835616438356165,1.0,0.0,11.130564589694757,1113.0564589694757,-16.089096029361556,5.757773753672022,67.58694790598878,-33.15681785560531,98018.3661938401,99131.42265280958
2023-05-16,410.25,0.1629855319668022,416.0,2023-05-31,0.0410958904109589,1.0,0.0,11.842706058724843,1184.2706058724843,-31.432749999765463,5.423408085878857,61.138800318293505,-33.21579964563054,98018.3661938401,99202.63679971259
2023-05-17,415.23,0.15908151426807737,416.0,2023-05-31,0.038356164383561646,1.0,0.0,10.349465009551409,1034.946500955141,-3.5005747220645533,6.161632475883772,64.82285048721226,-36.82899005242466,98018.3661938401,99053.31269479524
2023-05-18,419.23,0.1550111440911473,416.0,2023-05-31,0.03561643835616438,1.0,0.0,10.086078572998758,1008.6078572998758,21.976615108017494,6.257413450786904,60.717372164084296,-36.1994974052411,98018.3661938401,99026.97405113999
2023-05-19,418.62,0.15966535288121025,416.0,2023-05-31,0.03287671232876712,1.0,0.0,9.864911370079454,986.4911370079454,18.2949327901409,6.40979121289877,58.96345140902136,-39.22675115131453,98018.3661938401,99004.85733084806
2023-05-22,418.79,0.16206609961468316,416.0,2023-05-31,0.024657534246575342,1.0,0.0,8.765715012674036,876.5715012674036,21.697796655817996,7.207907862707767,50.51771023995673,-45.48449033363626,98018.3661938401,98894.93769510751
2023-05-23,414.09,0.16746454585288373,416.0,2023-05-31,0.021917808219178082,1.0,0.0,8.351066202313007,835.1066202313007,-13.752198060523435,7.6561123098647546,48.18565641462362,-50.43368167561273,98018.3661938401,98853.4728140714
2023-05-24,411.09,0.177219336033649,416.0,2023-05-31,0.019178082191780823,1.0,0.0,9.027278387531197,902.7278387531197,-36.27243932019244,7.0764042966065785,40.644589633457336,-51.450051344296035,98018.3661938401,98921.09403259323
2023-05-25,414.65,0.16595216193552464,416.0,2023-05-31,0.01643835616438356,1.0,0.0,7.132809555580764,713.2809555580764,-11.302268782376789,8.952816966711774,41.991785920367626,-58.071897141822774,98018.3661938401,98731.64714939818
2023-05-26,420.02,0.15770795350884542,416.0,2023-05-31,0.0136986301369863,1.0,0.0,6.973340205680984,697.3340205680984,40.40576223611587,8.941800153186252,34.079690069619375,-53.746381770953946,98018.3661938401,98715.7002144082
2023-05-30,420.18,0.15766116649188963,416.0,2023-05-31,0.0027397260273972603,1.0,0.0,4.558064419024184,455.80644190241844,77.5881571737562,10.990699333563285,8.381619701692546,-66.07279696301256,98018.3661938401,98474.17263574252
2023-05-31,417.85,0.1583935800425219,418.0,2023-06-30,0.0821917808219178,1.0,0.0,15.14141393939778,1514.141393939778,1.1809153454068966,4.204557671233181,95.57121164385886,-25.229777268787267,96689.22479990033,98203.3661938401
2023-06-01,421.82,0.14467389134615283,422.0,2023-06-30,0.07945205479452055,1.0,0.0,13.727652639660903,1372.7652639660903,0.7921190886268359,4.638192418524809,94.86333592725973,-23.6624964735758,96716.49229188876,98089.25755585486
2023-06-02,427.92,0.1396365860990372,422.0,2023-06-30,0.07671232876712329,1.0,0.0,13.954189438113474,1395.4189438113474,29.571446539468415,4.486060985295596,87.99433881150536,-21.941480478001107,96716.49229188876,98111.91123570011
2023-06-05,427.1,0.1352129974795876,422.0,2023-06-30,0.0684931506849315,1.0,0.0,12.67041208617971,1267.0412086179708,27.90323757752551,4.952991166979056,83.67433724155131,-22.62771590109609,96716.49229188876,97983.53350050673
2023-06-06,428.03,0.13054538882412403,422.0,2023-06-30,0.06575342465753424,1.0,0.0,12.355733317010476,1235.5733317010477,34.0479465359317,5.053536751923337,79.47375993046082,-21.61444352382728,96716.49229188876,97952.0656235898
2023-06-07,426.55,0.13018096022835626,422.0,2023-06-30,0.06301369863013699,1.0,0.0,11.652313281477205,1165.2313281477204,26.953917333066624,5.394263855048496,80.51087015425064,-22.784744316306206,96716.49229188876,97881.72362003649
2023-06-08,429.13,0.1286555688393764,422.0,2023-06-30,0.06027397260273973,1.0,0.0,12.198836197887232,1219.883619788723,41.509756349589644,5.07067998692486,72.41063597331218,-21.172799002653388,96716.49229188876,97936.37591167749
2023-06-09,429.9,0.12941350107113583,422.0,2023-06-30,0.057534246575342465,1.0,0.0,12.378099457038388,1237.8099457038388,46.01375712045845,4.954810076235072,68.18171470494998,-21.0086533547641,96716.49229188876,97954.3022375926
2023-06-12,433.8,0.13719281369774208,422.0,2023-06-30,0.049315068493150684,1.0,0.0,14.393248130982514,1439.3248130982513,64.26552259944596,3.9524056846137743,50.321272456264666,-19.176991547571216,96716.49229188876,98155.81710498701
2023-06-13,436.66,0.1351157811142256,422.0,2023-06-30,0.04657534246575343,1.0,0.0,16.149651988508445,1614.9651988508444,76.42585575874246,3.1026261795510957,37.22874590627781,-14.794679655969864,96716.49229188876,98331.4574907396
2023-06-14,437.18,0.12866439312229244,422.0,2023-06-30,0.043835616438356165,1.0,0.0,16.20720054793461,1620.7200547934613,81.49413968999042,2.815032287185106,30.34516099364567,-12.201067885767753,96716.49229188876,98337.21234668222
2023-06-15,442.6,0.13249191356383255,422.0,2023-06-30,0.0410958904109589,1.0,0.0,20.953269670375352,2095.3269670375353,92.62123548628772,1.3573395978060983,14.477684406471026,-6.393920369955351,96716.49229188876,98811.81925892629
2023-06-16,439.46,0.13181691965970807,422.0,2023-06-30,0.038356164383561646,1.0,0.0,18.01391427771835,1801.391427771835,88.66483604281117,2.008049435969272,19.607374012496333,-9.230655874796703,96716.49229188876,98517.88371966059
2023-06-20,437.18,0.13089958513866887,422.0,2023-06-30,0.0273972602739726,1.0,0.0,15.58187293584312,1558.1872935843119,89.9388687796195,2.1882486861641217,14.999012033227672,-9.816822263197022,96716.49229188876,98274.67958547307
2023-06-21,434.94,0.12789333903754474,422.0,2023-06-30,0.024657534246575342,1.0,0.0,13.439798314268646,1343.9798314268646,86.99638216124632,2.903826924821056,17.32315531241526,-12.308423197615385,96716.49229188876,98060.47212331563
2023-06-22,436.51,0.12201556329516618,422.0,2023-06-30,0.021917808219178082,1.0,0.0,14.694533924407516,1469.4533924407515,93.9958397378409,1.7268252415122667,8.799320467205515,-6.710337771379786,96716.49229188876,98185.94568432952
2023-06-23,433.21,0.12534741341785316,422.0,2023-06-30,0.019178082191780823,1.0,0.0,11.634885903920935,1163.4885903920936,87.12380225576295,3.347227184541153,15.100895017991903,-13.520415219998789,96716.49229188876,97879.98088228086
2023-06-26,431.44,0.13023056536727007,422.0,2023-06-30,0.010958904109589041,1.0,0.0,9.696229996889873,969.6229996889873,89.68057620949979,3.5957967567507474,9.552477067430823,-15.550306114367476,96716.49229188876,97686.11529157775
2023-06-27,436.17,0.12623369406450985,422.0,2023-06-30,0.00821917808219178,1.0,0.0,14.175583899970956,1417.5583899970957,99.61670273702153,0.24437827391828146,0.4823672980415551,-1.0148500987950317,96716.49229188876,98134.05068188586
2023-06-28,436.39,0.124365040588143,422.0,2023-06-30,0.005479452054794521,1.0,0.0,14.390259917947764,1439.0259917947765,99.97346165453536,0.025698354696889292,0.033349578271872196,-0.10368804138447094,96716.49229188876,98155.51828368353
2023-06-29,438.11,0.12364893602127419,422.0,2023-06-30,0.0027397260273972603,1.0,0.0,16.110000003232336,1611.0000003232337,99.99999930405659,1.4617302423027987e-06,9.504539588768073e-07,-5.876131037616256e-06,96716.49229188876,98327.49229221199
2023-06-30,443.28,0.12486915285015214,443.0,2023-07-28,0.07671232876712329,1.0,0.0,12.22980643456438,1222.980643456438,2.8368480219230277,5.201152136361794,97.89852845504774,-21.82947555974701,97621.51164843232,98844.49229188876
2023-07-03,443.79,0.1210191573055375,444.0,2023-08-02,0.0821917808219178,1.0,0.0,12.288736132296947,1228.8736132296947,0.2961794651534788,5.181926369208389,101.51466281139116,-20.475364912650576,97514.8549181632,98743.72853139289
2023-07-05,443.13,0.1245375378155195,444.0,2023-08-02,0.07671232876712329,1.0,0.0,12.22671975634546,1222.671975634546,-3.1601014692249016,5.2159719470015675,97.85048774346478,-21.760819317176384,97514.8549181632,98737.52689379774
2023-07-06,439.66,0.13442272764925345,444.0,2023-08-02,0.07397260273972603,1.0,0.0,13.35014583618252,1335.014583618252,-19.771928844473365,4.81061014491643,92.46506458056466,-23.017418876266436,97514.8549181632,98849.86950178145
2023-07-07,438.55,0.1305550015446856,444.0,2023-08-02,0.07123287671232877,1.0,0.0,13.03022238363127,1303.022238363127,-26.3906471324482,4.933117471428174,88.23353634057139,-22.152556679300712,97514.8549181632,98817.87715652633
2023-07-10,439.66,0.13145889761952434,444.0,2023-08-02,0.06301369863013699,1.0,0.0,12.144307599898042,1214.4307599898043,-22.1417799707724,5.2862666546691,84.64629140838056,-24.19023512201461,97514.8549181632,98729.285678153
2023-07-11,442.46,0.13072042120500668,444.0,2023-08-02,0.06027397260273973,1.0,0.0,11.415475317982697,1141.5475317982696,-7.347474315269803,5.595141395587157,86.30428343416104,-25.640300641613205,97514.8549181632,98656.40244996146
2023-07-12,446.02,0.1225506497317874,444.0,2023-08-02,0.057534246575342465,1.0,0.0,10.561117466891119,1056.111746689112,13.429591251369732,5.999241061799434,84.14862583484793,-24.55349707166116,97514.8549181632,98570.96666485231
2023-07-13,449.56,0.12336737982832269,444.0,2023-08-02,0.0547945205479452,1.0,0.0,11.235335897160269,1123.5335897160269,34.39548449470722,5.565567281984327,76.03652042941783,-23.451065741600026,97514.8549181632,98638.38850787922
2023-07-14,449.28,0.12185120736314536,444.0,2023-08-02,0.052054794520547946,1.0,0.0,10.78940053643521,1078.940053643521,33.94310738521613,5.800822343331354,74.27015159906972,-23.81554642997496,97514.8549181632,98593.79497180672
2023-07-17,450.84,0.11953856231295865,444.0,2023-08-02,0.043835616438356165,1.0,0.0,10.55115438826789,1055.115438826789,46.69480968084603,5.822628441827331,62.01533672766114,-23.16632560555823,97514.8549181632,98569.97035698999
2023-07-18,454.19,0.11753579113638456,444.0,2023-08-02,0.0410958904109589,1.0,0.0,12.14069067353698,1214.069067353698,66.50737214797044,4.631686571186061,46.151181991086766,-18.081385624005485,97514.8549181632,98728.9239855169
2023-07-19,455.2,0.11888163770367646,444.0,2023-08-02,0.038356164383561646,1.0,0.0,12.723713707918279,1272.3713707918278,72.05859161352852,4.194273475618349,39.62882551161371,-16.82549884676383,97514.8549181632,98787.22628895502
2023-07-20,452.18,0.12095450843114297,444.0,2023-08-02,0.03561643835616438,1.0,0.0,10.639980981361958,1063.998098136196,58.27266703479532,5.5629154959887215,49.00018395767316,-22.79535832167667,97514.8549181632,98578.8530162994
2023-07-21,452.18,0.11862523550226053,444.0,2023-08-02,0.03287671232876712,1.0,0.0,10.304424617191813,1030.4424617191812,60.99367494014807,5.670104093575692,45.21465278451699,-22.348328477984445,97514.8549181632,98545.29737988238
2023-07-24,454.2,0.1178877024742194,444.0,2023-08-02,0.024657534246575342,1.0,0.0,11.082306511785774,1108.2306511785773,78.36237940800848,4.419729336459445,26.503796148911814,-17.358175749112657,97514.8549181632,98623.08556934177
2023-07-25,455.44,0.11620618915010864,444.0,2023-08-02,0.021917808219178082,1.0,0.0,11.915920607189811,1191.5920607189812,86.30643406457428,3.3692886801088395,17.80028460571239,-12.928145248857378,97514.8549181632,98706.44697888217
2023-07-26,455.51,0.10997894861705859,444.0,2023-08-02,0.019178082191780823,1.0,0.0,11.772735447934426,1177.2735447934426,90.85903575964971,2.766920922704745,12.108973195497233,-9.512372434806645,97514.8549181632,98692.12846295664
2023-07-27,452.49,0.11969936863722297,444.0,2023-08-02,0.01643835616438356,1.0,0.0,9.209233354762382,920.9233354762382,78.57153038162062,5.313942689443922,21.40844302362963,-21.35480927862023,97514.8549181632,98435.77825363944
2023-07-28,456.92,0.1149829445813261,444.0,2023-08-02,0.0136986301369863,1.0,0.0,12.991872362283,1299.1872362283,96.74933555458102,1.319540582228606,4.33923982499515,-4.989385723225006,97514.8549181632,98814.0421543915
2023-07-31,457.79,0.11369009988407022,444.0,2023-08-02,0.005479452054794521,1.0,0.0,13.79025789952802,1379.0257899528021,99.97258731754322,0.02762390812041896,0.03606429970101327,-0.10250384588143106,97514.8549181632,98893.880708116
2023-08-01,456.48,0.11611630594039399,456.0,2023-08-31,0.0821917808219178,1.0,0.0,12.123766651688214,1212.3766651688215,3.8481916235842073,5.244515788093281,104.29668551090177,-20.18424307225488,97550.47853447676,98762.85519964558
2023-08-02,450.13,0.1356375815605925,456.0,2023-08-31,0.07945205479452055,1.0,0.0,14.605898865379203,1460.5898865379204,-25.085560278086593,4.40520259396163,96.18934653963669,-22.49463851125873,97550.47853447676,99011.06842101467
2023-08-03,448.84,0.13287909647825197,456.0,2023-08-31,0.07671232876712329,1.0,0.0,14.494074517806354,1449.4074517806353,-31.93824756902075,4.437799426858887,91.13235860783745,-21.62425977096694,97550.47853447676,98999.88598625739
2023-08-04,446.81,0.1404696961950339,456.0,2023-08-31,0.07397260273972603,1.0,0.0,15.667797631216303,1566.7797631216304,-39.26067754376486,4.096139455802885,84.97164887014682,-22.10359574440856,97550.47853447676,99117.25829759838
2023-08-07,450.71,0.1340204823673165,456.0,2023-08-31,0.06575342465753424,1.0,0.0,13.14012332526795,1314.012332526795,-25.28182239634465,4.890438112672604,87.54507301767494,-24.44340190564737,97550.47853447676,98864.49086700355
2023-08-08,448.75,0.13532800391574995,456.0,2023-08-31,0.06301369863013699,1.0,0.0,13.600515066975703,1360.0515066975704,-35.07461426112977,4.719709215212303,81.0488417857975,-23.843865170772606,97550.47853447676,98910.53004117432
2023-08-09,445.75,0.13489715466514507,456.0,2023-08-31,0.06027397260273973,1.0,0.0,14.615047657279433,1461.5047657279433,-49.70825188621346,4.318479467042451,69.7663766749856,-21.38928569261887,97550.47853447676,99011.98330020471
2023-08-10,445.91,0.13241422488540824,456.0,2023-08-31,0.057534246575342465,1.0,0.0,14.151281732599102,1415.1281732599102,-50.89343338234684,4.444530068746073,67.32577254846424,-21.22592854003854,97550.47853447676,98965.60670773668
2023-08-11,445.65,0.1263537803088681,456.0,2023-08-31,0.0547945205479452,1.0,0.0,13.691733486551811,1369.1733486551811,-55.36110259214577,4.5298769503738825,62.287313208103946,-19.67559372281606,97550.47853447676,98919.65188313194
2023-08-14,448.11,0.12679079965145262,456.0,2023-08-31,0.04657534246575343,1.0,0.0,11.811427221768653,1181.1427221768654,-46.749500636684616,5.3553410610213685,63.50387165421984,-23.681490200005147,97550.47853447676,98731.62125665363
2023-08-15,442.89,0.13807682599119525,456.0,2023-08-31,0.043835616438356165,1.0,0.0,15.237526961267847,1523.7526961267847,-68.00781263746461,3.8000865050340886,45.11626567204424,-19.46722113928559,97550.47853447676,99074.23123060355
2023-08-16,439.64,0.1405479566526074,456.0,2023-08-31,0.0410958904109589,1.0,0.0,17.565827516032854,1756.5827516032855,-79.52368715631724,2.85056455485022,31.823519586823927,-14.90910217140777,97550.47853447676,99307.06128608005
2023-08-17,436.29,0.14749164065520515,456.0,2023-08-31,0.038356164383561646,1.0,0.0,20.415510294391858,2041.5510294391859,-87.02837579291499,2.008778648404388,21.631427437566682,-11.394481151716894,97550.47853447676,99592.02956391594
2023-08-18,436.5,0.14400291293676748,456.0,2023-08-31,0.03561643835616438,1.0,0.0,20.052813235684802,2005.2813235684803,-88.91917176992754,1.886377725691956,18.433971886099,-10.2097909561259,97550.47853447676,99555.75985804523
2023-08-21,439.34,0.1437448204619812,456.0,2023-08-31,0.0273972602739726,1.0,0.0,17.1981983988734,1719.81983988734,-87.94354512044906,2.287572393081034,17.389042881122883,-12.497924234763506,97550.47853447676,99270.2983743641
2023-08-22,438.15,0.1422727430636928,456.0,2023-08-31,0.024657534246575342,1.0,0.0,18.14427336546008,1814.427336546008,-92.4303067679143,1.6831842741463816,11.335707911906098,-8.959790328864923,97550.47853447676,99364.90587102277
2023-08-23,443.03,0.14030709348895065,456.0,2023-08-31,0.021917808219178082,1.0,0.0,13.671200167694955,1367.1200167694956,-83.20310776995265,3.351480293911425,20.229245837963294,-17.739416793738013,97550.47853447676,98917.59855124625
2023-08-24,436.89,0.15057584000166,456.0,2023-08-31,0.019178082191780823,1.0,0.0,19.246942410818633,1924.6942410818633,-95.89110702466202,1.0874197125997944,5.993794932193094,-6.446576476519056,97550.47853447676,99475.17277555862
2023-08-25,439.97,0.14019675273651003,456.0,2023-08-31,0.01643835616438356,1.0,0.0,16.170086580209063,1617.0086580209063,-95.25108670973114,1.4154717382009285,6.314568400388053,-7.377349872224863,97550.47853447676,99167.48719249766
2023-08-28,442.76,0.13777958633116305,456.0,2023-08-31,0.00821917808219178,1.0,0.0,13.274540168622064,1327.4540168622063,-98.13592544246448,0.90632218842577,2.012021590676421,-4.620258374212765,97550.47853447676,98877.93255133896
2023-08-29,449.16,0.13911572823765408,456.0,2023-08-31,0.005479452054794521,1.0,0.0,7.133945423142038,713.3945423142038,-85.63976403061595,5.9201434045134445,9.10432469402918,-31.663868998048155,97550.47853447676,98263.87307679096
2023-08-30,451.01,0.13221004992158036,456.0,2023-08-31,0.0027397260273972603,1.0,0.0,5.139344216441394,513.9344216441394,-88.73894906553095,7.261614954223095,5.3502880498857115,-35.36809250851124,97550.47853447676,98064.4129561209
2023-08-31,450.35,0.1302096482392274,450.0,2023-09-29,0.07945205479452055,1.0,0.0,13.185305775019202,1318.53057750192,3.1535691450611303,4.823416528484939,101.20533354162657,-22.720536000670474,96796.94795697484,98115.47853447676
2023-09-01,451.19,0.13124486785852174,451.0,2023-09-29,0.07671232876712329,1.0,0.0,13.083629181669778,1308.3629181669778,2.3743478512410485,4.862653601269451,99.66433216258892,-23.357914473012144,96798.85702513982,98107.2199433068
2023-09-05,449.24,0.13121708155141704,451.0,2023-09-29,0.06575342465753424,1.0,0.0,12.165121535932911,1216.5121535932913,-7.916676789570659,5.252514614207339,91.46034979938946,-25.002417038224202,96798.85702513982,98015.3691787331
2023-09-06,446.22,0.134426032787979,451.0,2023-09-29,0.06301369863013699,1.0,0.0,12.674943672967828,1267.494367296783,-23.497718401645123,5.067468587694429,85.46877559150623,-24.976583543504855,96798.85702513982,98066.3513924366
2023-09-07,444.85,0.1333608122783083,451.0,2023-09-29,0.06027397260273973,1.0,0.0,12.714827882726809,1271.4827882726809,-31.304152606019464,5.050903817890928,80.34416410297943,-24.35173406044326,96798.85702513982,98070.3398134125
2023-09-08,445.52,0.13005279971695455,451.0,2023-09-29,0.057534246575342465,1.0,0.0,12.002553856711273,1200.2553856711274,-29.330655594227338,5.348616054126341,79.4368418172385,-24.597580188106473,96798.85702513982,97999.11241081095
2023-09-11,448.45,0.1307226923024364,451.0,2023-09-29,0.049315068493150684,1.0,0.0,10.614332400800919,1061.4332400800918,-14.34819235111442,6.029569870703296,78.17088221004293,-28.385300505981782,96798.85702513982,97860.29026521991
2023-09-12,445.99,0.13332020172758566,451.0,2023-09-29,0.04657534246575343,1.0,0.0,11.062029137234731,1106.202913723473,-29.1493857156385,5.7981505583601916,71.61298053996245,-28.08075591735723,96798.85702513982,97905.0599388633
2023-09-13,446.51,0.12565883964961583,451.0,2023-09-29,0.043835616438356165,1.0,0.0,10.092909937992687,1009.2909937992687,-28.649451095602995,6.349370335203387,69.72896217995161,-27.381438992202085,96798.85702513982,97808.14801893909
2023-09-14,450.36,0.12155068963225862,451.0,2023-09-29,0.0410958904109589,1.0,0.0,8.875122687026021,887.5122687026021,-3.6140112550788084,7.182536074853303,72.77014808127387,-29.484205613068067,96798.85702513982,97686.36929384242
2023-09-15,443.37,0.13194453662308162,451.0,2023-09-29,0.038356164383561646,1.0,0.0,11.159618575596355,1115.9618575596355,-48.261123732196154,5.647540419498416,56.18476116234288,-26.475972417299438,96798.85702513982,97914.81888269946
2023-09-18,443.63,0.1332032964955999,451.0,2023-09-29,0.030136986301369864,1.0,0.0,10.263430173324451,1026.343017332445,-51.66726955838892,6.083587352023937,48.06360658443183,-29.101049265972456,96798.85702513982,97825.20004247226
2023-09-19,442.71,0.13326573384187046,451.0,2023-09-29,0.0273972602739726,1.0,0.0,10.492822761537866,1049.2822761537866,-59.348010717345126,5.789537722981541,41.42935602263224,-27.605567664761004,96798.85702513982,97848.1393012936
2023-09-20,438.64,0.14117873698333827,451.0,2023-09-29,0.024657534246575342,1.0,0.0,13.350321326708041,1335.032132670804,-78.59099678682276,3.79236292592598,25.40067719488083,-19.922419582748667,96798.85702513982,98133.88915781063
2023-09-21,431.39,0.15804171872020023,451.0,2023-09-29,0.021917808219178082,1.0,0.0,19.838170966518298,1983.8170966518298,-94.10113188148341,1.3293553330136907,8.569393699208957,-8.464510678831488,96798.85702513982,98782.67412179164
2023-09-22,430.42,0.1525664589389401,451.0,2023-09-29,0.019178082191780823,1.0,0.0,20.66827443936255,2066.827443936255,-97.21955033063234,0.7801192938712984,4.228731854613567,-4.608304606147778,96798.85702513982,98865.68446907608
2023-09-25,432.23,0.14997861011995847,451.0,2023-09-29,0.010958904109589041,1.0,0.0,18.784339153993315,1878.4339153993315,-99.3059333967058,0.3073878391287768,0.9438716615439829,-1.7695069991247803,96798.85702513982,98677.29094053915
2023-09-26,425.88,0.16475786054788516,451.0,2023-09-29,0.00821917808219178,1.0,0.0,25.120190508821334,2512.0190508821333,-99.98715027096763,0.008207493943909933,0.020158564186282552,-0.055354698450818876,96798.85702513982,99310.87607602196
2023-09-27,426.05,0.15449258575432526,451.0,2023-09-29,0.005479452054794521,1.0,0.0,24.950000608067132,2495.000060806713,-99.99993328967633,7.062393994620337e-05,0.00010852201643409181,-0.00041914617325440563,96798.85702513982,99293.85708594654
2023-09-28,428.52,0.14980080118089995,451.0,2023-09-29,0.0027397260273972603,1.0,0.0,22.480000000035442,2248.0000000035443,-99.99999999282623,1.4227827664050871e-08,1.0722648269558519e-08,-8.031306507804283e-08,96798.85702513982,99046.85702514337
2023-09-29,427.48,0.15085238192428357,427.0,2023-10-27,0.07671232876712329,1.0,0.0,14.246955988566413,1424.6955988566413,3.810874459423541,4.462145889441698,94.36103714914442,-25.418905740704012,97726.16142628317,99150.85702513982
2023-10-02,427.31,0.1510347264245407,427.0,2023-11-01,0.0821917808219178,1.0,0.0,14.758547640279915,1475.8547640279915,3.0639680159912865,4.309090581361196,97.67354260090424,-24.586827976072158,97597.62695239138,99073.48171641937
2023-10-03,421.59,0.1665345132798891,427.0,2023-11-01,0.07945205479452055,1.0,0.0,16.47255075090854,1647.255075090854,-19.598914228185123,3.9094918615325436,91.94122817835982,-26.398944284548918,97597.62695239138,99244.88202748224
2023-10-04,424.66,0.1612108426616192,427.0,2023-11-01,0.07671232876712329,1.0,0.0,15.284069395069963,1528.4069395069964,-8.024726694705286,4.1866621690072945,93.37057728076338,-26.8791954343459,97597.62695239138,99126.03389189838
2023-10-05,424.5,0.16074939485415157,427.0,2023-11-01,0.07397260273972603,1.0,0.0,14.984351436062354,1498.4351436062354,-8.953159728212706,4.272005992650813,91.53927928600359,-27.249784723352317,97597.62695239138,99096.06209599762
2023-10-06,429.54,0.15820579663037274,427.0,2023-11-01,0.07123287671232877,1.0,0.0,14.569465827561942,1456.9465827561942,12.835773572355524,4.342151957350877,90.28489949649232,-27.46845086256866,97597.62695239138,99054.57353514757
2023-10-09,432.29,0.15964873628004783,427.0,2023-11-01,0.06301369863013699,1.0,0.0,14.380577468488752,1438.0577468488752,25.653732858662977,4.365399702853015,82.06818898105452,-28.48278839047282,97597.62695239138,99035.68469924026
2023-10-10,434.54,0.156225268873436,427.0,2023-11-01,0.06027397260273973,1.0,0.0,14.530998931176015,1453.0998931176014,36.56058082118464,4.27549601274525,76.0198700643743,-26.991419637569415,97597.62695239138,99050.72684550898
2023-10-11,436.32,0.1510257492950816,427.0,2023-11-01,0.057534246575342465,1.0,0.0,14.628355854350701,1462.8355854350702,46.08868333601273,4.1803808861058025,69.15180553892147,-24.86596011100807,97597.62695239138,99060.46253782645
2023-10-12,433.66,0.15302366375826656,427.0,2023-11-01,0.0547945205479452,1.0,0.0,13.428587967340889,1342.8587967340889,34.727518535977005,4.641892879899704,73.19637476681086,-28.001943601601337,97597.62695239138,98940.48574912547
2023-10-13,431.5,0.1649474533389906,427.0,2023-11-01,0.052054794520547946,1.0,0.0,13.385248071625284,1338.5248071625283,23.382676004818542,4.700882057334414,75.15317041320833,-32.621905447394454,97597.62695239138,98936.1517595539
2023-10-16,436.04,0.15504776289464425,427.0,2023-11-01,0.043835616438356165,1.0,0.0,13.42598431756386,1342.598431756386,49.17688837157414,4.528847851702513,58.52386707011446,-28.356233328639963,97597.62695239138,98940.22538414776
2023-10-17,436.02,0.15904706039155994,427.0,2023-11-01,0.0410958904109589,1.0,0.0,13.354675394134333,1335.4675394134333,49.36084212551699,4.55129297063404,56.555084378813845,-29.983066402156577,97597.62695239138,98933.09449180482
2023-10-18,430.21,0.16884880123918622,427.0,2023-11-01,0.038356164383561646,1.0,0.0,11.59695046898787,1159.695046898787,19.20074530376903,5.445276221018782,65.27006874157458,-39.359903085050526,97597.62695239138,98757.32199929017
2023-10-19,426.43,0.1780680861528014,427.0,2023-11-01,0.03561643835616438,1.0,0.0,11.450165014570075,1145.0165014570075,-1.8306783227342915,5.56630042509287,64.19463324776552,-43.96544416811769,97597.62695239138,98742.64345384839
2023-10-20,421.19,0.18265187007974182,427.0,2023-11-01,0.03287671232876712,1.0,0.0,12.151272985814757,1215.1272985814758,-30.87124696532349,5.286285873085831,56.31437299174109,-42.858023080456725,97597.62695239138,98812.75425097285
2023-10-23,420.46,0.1740167940682623,427.0,2023-11-01,0.024657534246575342,1.0,0.0,10.67370541479552,1067.370541479552,-41.849297748039646,5.965942305402862,45.25527719898115,-43.75099029354017,97597.62695239138,98664.99749387093
2023-10-24,423.63,0.16296964609322456,427.0,2023-11-01,0.021917808219178082,1.0,0.0,8.624958149526009,862.4958149526009,-24.82603335456448,7.425352284895684,47.59861580771726,-48.48205982944403,97597.62695239138,98460.12276734399
2023-10-25,417.55,0.17423155135471188,427.0,2023-11-01,0.019178082191780823,1.0,0.0,11.395146187163391,1139.514618716339,-64.0049708626631,5.208567753639617,30.343611763501954,-37.762961080428795,97597.62695239138,98737.14157110771
2023-10-26,412.55,0.17835533473552218,427.0,2023-11-01,0.01643835616438356,1.0,0.0,15.005522460417094,1500.5522460417094,-86.48400073555975,2.7703135081454042,13.823772960801442,-20.54619711443001,97597.62695239138,99098.17919843309
2023-10-27,410.68,0.18202198587748006,427.0,2023-11-01,0.0136986301369863,1.0,0.0,16.55656503872418,1655.656503872418,-93.10217317311064,1.7451456500899565,7.339048773372285,-13.358682321809075,97597.62695239138,99253.2834562638
2023-10-30,415.59,0.17635744465216657,427.0,2023-11-01,0.005479452054794521,1.0,0.0,11.48626177011165,1148.626177011165,-96.13799054354821,1.7324675829712761,2.891520153381158,-12.748527635263542,97597.62695239138,98746.25312940254
2023-10-31,418.2,0.1647005569555295,427.0,2023-11-01,0.0027397260273972603,1.0,0.0,8.818910196760426,881.8910196760426,-98.41026191774101,1.2091279440978784,0.9542068250047631,-7.857919776452597,97597.62695239138,98479.51797206742
2023-11-01,422.66,0.15824675954163514,423.0,2023-12-01,0.0821917808219178,1.0,0.0,15.306850057428306,1530.6850057428305,0.3957387959695968,4.160969669783006,96.68076171915682,-25.499028753455892,96500.94194664856,98031.62695239138
2023-11-02,430.76,0.1571746109104502,423.0,2023-12-01,0.07945205479452055,1.0,0.0,16.340925560609065,1634.0925560609066,33.4608327016531,3.8076279380989604,88.22928681275852,-23.909316940865228,96500.94194664856,98135.03450270946
2023-11-03,434.69,0.15177506483925562,423.0,2023-12-01,0.07671232876712329,1.0,0.0,17.30470284501591,1730.470284501591,49.683341296583315,3.4897224123429256,76.77428409776422,-20.80789633379571,96500.94194664856,98231.41223115014
2023-11-06,435.69,0.15111786070688224,423.0,2023-12-01,0.0684931506849315,1.0,0.0,17.163638141217277,1716.3638141217277,55.70165721153626,3.450029461932923,67.78614387449336,-20.487394095764742,96500.94194664856,98217.30576077028
2023-11-07,436.93,0.15033986545553024,423.0,2023-12-01,0.06575342465753424,1.0,0.0,17.63763273514654,1763.763273514654,61.00710671354188,3.2733128136115215,61.77372275679206,-19.3480274332153,96500.94194664856,98264.7052201632
2023-11-08,437.25,0.14792221648375561,423.0,2023-12-01,0.06301369863013699,1.0,0.0,17.502828754813834,1750.2828754813834,63.763204217193746,3.2456283770988303,57.839803040970686,-18.599547536530977,96500.94194664856,98251.22482212994
2023-11-09,433.84,0.15337885615501154,423.0,2023-12-01,0.06027397260273973,1.0,0.0,15.671903629682006,1567.1903629682006,51.03097669200558,3.847298806439071,66.94380779928397,-23.335828788443447,96500.94194664856,98068.13230961676
2023-11-10,440.61,0.14989639311072783,423.0,2023-12-01,0.057534246575342465,1.0,0.0,19.59898428753185,1959.8984287531848,75.08460333737249,2.592691260331217,43.40873359481549,-15.492410941350759,96500.94194664856,98460.84037540173
2023-11-13,440.19,0.15192561092469165,423.0,2023-12-01,0.049315068493150684,1.0,0.0,18.889109592012048,1888.9109592012048,76.89114853505339,2.622754154388023,38.07575820210542,-16.068563406321402,96500.94194664856,98389.85290584977
2023-11-14,448.73,0.1536668069038425,423.0,2023-12-01,0.04657534246575343,1.0,0.0,26.163097928372743,2616.3097928372745,92.76863774649185,1.066534433108973,15.370260070412064,-6.946761136181914,96500.94194664856,99117.25173948583
2023-11-15,449.68,0.15010274663660372,423.0,2023-12-01,0.043835616438356165,1.0,0.0,26.948480366556637,2694.8480366556637,95.02308300780433,0.8239238502848091,10.962509345687367,-5.1421961338034725,96500.94194664856,99195.78998330422
2023-11-16,450.23,0.14885456696817384,423.0,2023-12-01,0.0410958904109589,1.0,0.0,27.416302835032482,2741.6302835032484,96.27037938546208,0.6716030285171962,8.328025834589372,-4.132215597691885,96500.94194664856,99242.57223015181
2023-11-17,450.79,0.1416485626102538,423.0,2023-12-01,0.038356164383561646,1.0,0.0,27.880367993064915,2788.0367993064915,97.89745046493579,0.4452428266306169,4.9157843327021284,-2.4868349458187935,96500.94194664856,99288.97874595504
2023-11-20,454.26,0.13908290938690548,423.0,2023-12-01,0.030136986301369864,1.0,0.0,31.26954325753126,3126.954325753126,99.69730424936077,0.08970949537196958,0.7759272324004297,-0.4905373497944605,96500.94194664856,99627.89627240167
2023-11-21,453.27,0.1390584469862841,423.0,2023-12-01,0.0273972602739726,1.0,0.0,30.2776268813617,3027.7626881361703,99.74243406206966,0.0813805256946145,0.636999297186935,-0.44290066499084824,96500.94194664856,99528.70463478472
2023-11-22,455.02,0.12939083480776314,423.0,2023-12-01,0.024657534246575342,1.0,0.0,32.02072208727557,3202.072208727557,99.96836595402581,0.013164314523805077,0.08695856853942152,-0.06250912098335466,96500.94194664856,99703.01415537612
2023-11-24,455.3,0.12189804759837276,423.0,2023-12-01,0.019178082191780823,1.0,0.0,32.30002032053952,3230.0020320539516,99.99874285115706,0.0007486396247357931,0.0036280230369455015,-0.0031589208917541124,96500.94194664856,99730.9439787025
2023-11-27,454.48,0.1221362558285192,423.0,2023-12-01,0.010958904109589041,1.0,0.0,31.480000018632484,3148.0000018632486,99.99999809666451,1.8960587859488406e-06,5.241952483245058e-06,-8.002905619181999e-06,96500.94194664856,99648.9419485118
2023-11-28,454.93,0.12130299438135643,423.0,2023-12-01,0.00821917808219178,1.0,0.0,31.930000000025604,3193.0000000025602,99.99999999647325,4.7706078318345985e-09,9.843800028491273e-09,-1.9901373659121216e-08,96500.94194664856,99693.94194665112
2023-11-29,454.61,0.12355374660075774,423.0,2023-12-01,0.005479452054794521,1.0,0.0,31.610000000000092,3161.000000000009,99.99999999999969,6.087058953221725e-13,8.516840767960538e-13,-2.6307189652089977e-12,96500.94194664856,99661.94194664857
2023-11-30,456.4,0.12217008448949733,423.0,2023-12-01,0.0027397260273972603,1.0,0.0,33.39999999999998,3339.9999999999977,100.0,5.6254887754873396e-30,3.922144082702732e-30,-2.3958433698188737e-29,96500.94194664856,99840.94194664856
2023-12-01,459.1,0.11448191341941513,459.0,2023-12-29,0.07671232876712329,1.0,0.0,11.613458475696973,1161.3458475696973,1.8129760578114495,5.479629220061908,101.43032213790333,-20.735602423383636,98949.59609907886,100110.94194664856
2023-12-04,456.69,0.11789723328081432,459.0,2023-12-29,0.0684931506849315,1.0,0.0,11.421495737619239,1142.1495737619239,-11.772910465616498,5.600529963184185,94.32414712646224,-22.241111955564744,98949.59609907886,100091.74567284079
2023-12-05,456.6,0.11669892976515348,459.0,2023-12-29,0.06575342465753424,1.0,0.0,11.097431141169096,1109.7431141169095,-12.729869350670702,5.765052333348419,92.22747501868812,-22.42259922838194,98949.59609907886,100059.33921319577
2023-12-06,454.76,0.11842730260944201,459.0,2023-12-29,0.06301369863013699,1.0,0.0,11.360404644722394,1136.0404644722394,-23.377048203178497,5.64669170754541,87.14558747526854,-22.435688823937447,98949.59609907886,100085.6365635511
2023-12-07,458.23,0.11967734247634429,459.0,2023-12-29,0.06027397260273973,1.0,0.0,10.768563736109996,1076.8563736109995,-3.386202807302796,5.920908527361511,89.68031857032707,-24.392504997565208,98949.59609907886,100026.45247268985
2023-12-08,460.2,0.11257050653798645,459.0,2023-12-29,0.057534246575342465,1.0,0.0,9.947608735132775,994.7608735132775,8.774756444386988,6.382174404522435,87.54129102975837,-23.463255890974256,98949.59609907886,99944.35697259214
2023-12-11,461.99,0.10945642685243062,459.0,2023-12-29,0.049315068493150684,1.0,0.0,9.24743075103234,924.743075103234,21.99699150551045,6.833442077816436,78.72733950229829,-23.936703548666067,98949.59609907886,99874.3391741821
2023-12-12,464.1,0.10585060124406101,459.0,2023-12-29,0.04657534246575343,1.0,0.0,9.377758944914603,937.7758944914603,37.94925794234492,6.65767201896974,70.69601260113177,-22.00945717466915,98949.59609907886,99887.37199357033
2023-12-13,470.5,0.10126246360678358,459.0,2023-12-29,0.043835616438356165,1.0,0.0,12.681960220918619,1268.1960220918618,76.11166999045467,3.997586424170089,39.28192158769412,-12.43057548493251,98949.59609907886,100217.79212117071
2023-12-14,472.01,0.10302412121686437,459.0,2023-12-29,0.0410958904109589,1.0,0.0,13.825519826241887,1382.5519826241887,82.25700646796908,3.259533903291419,30.746466720220088,-10.558759047914137,98949.59609907886,100332.14808170305
2023-12-15,469.33,0.10407374581627529,459.0,2023-12-29,0.038356164383561646,1.0,0.0,11.649175391456957,1164.9175391456956,72.95826228027771,4.544119351199703,39.95606564294128,-14.851347926935288,98949.59609907886,100114.51363822455
2023-12-18,471.97,0.1061293277991561,459.0,2023-12-29,0.030136986301369864,1.0,0.0,13.458535073973618,1345.8535073973617,87.19027524024807,2.8830669684473325,20.540866176904803,-9.909037817124219,98949.59609907886,100295.44960647622
2023-12-19,474.84,0.10543454601946975,459.0,2023-12-29,0.0273972602739726,1.0,0.0,16.0004994909716,1600.04994909716,94.91593681462743,1.4304143279706514,9.316365366111619,-4.911333764637448,98949.59609907886,100549.64604817602
2023-12-20,468.26,0.11962903782789816,459.0,2023-12-29,0.024657534246575342,1.0,0.0,10.544552273908181,1054.455227390818,71.65762239673205,5.102607376090523,33.0029323217317,-21.933939106377803,98949.59609907886,100004.05132646968
2023-12-21,472.7,0.12101605374032624,459.0,2023-12-29,0.021917808219178082,1.0,0.0,14.051438808828223,1405.1438808828223,90.1168730765984,2.4128930544003406,14.300439572449994,-10.816142273811852,98949.59609907886,100354.73997996168
2023-12-22,473.65,0.11724847880342171,459.0,2023-12-29,0.019178082191780823,1.0,0.0,14.802765390543819,1480.2765390543818,94.79948700871704,1.5707634255041034,7.923886680093705,-6.6361689960834465,98949.59609907886,100429.87263813324
2023-12-26,475.65,0.11670649867894844,459.0,2023-12-29,0.00821917808219178,1.0,0.0,16.650971082153905,1665.0971082153906,99.92564036240262,0.053661398988087,0.11645561231269806,-0.2265187794088004,98949.59609907886,100614.69320729424
2023-12-27,476.51,0.11330629203673206,459.0,2023-12-29,0.005479452054794521,1.0,0.0,17.510006500657763,1751.0006500657762,99.99921009626544,0.0009236756376551836,0.0013021310229653635,-0.0036884909489550534,98949.59609907886,100700.59674914464
2023-12-28,476.69,0.11339743942458422,459.0,2023-12-29,0.0027397260273972603,1.0,0.0,17.690000000078122,1769.000000007812,99.99999998160327,4.241997789254158e-08,2.9946971152360486e-08,-1.6979549235997847e-07,98949.59609907886,100718.59609908667
2023-12-29,475.31,0.11390542027697424,475.0,2024-01-26,0.07671232876712329,1.0,0.0,11.962643857055724,1196.2643857055723,2.907975004676749,5.317378410845173,104.96899243921705,-21.35095928542777,99384.33171337329,100580.59609907886
2024-01-02,472.65,0.11938927313806424,473.0,2024-02-01,0.0821917808219178,1.0,0.0,12.915176114270963,1291.5176114270962,-0.36005804717062495,4.931925116987323,108.1158823007695,-21.513127670948954,99265.319590128,100556.8372015551
2024-01-03,468.79,0.1256683098388392,473.0,2024-02-01,0.07945205479452055,1.0,0.0,13.72982209139684,1372.982209139684,-18.55466480268621,4.6743751909178615,102.5678267915384,-22.223319718509373,99265.319590128,100638.30179926768
2024-01-04,467.28,0.12666253908216685,473.0,2024-02-01,0.07671232876712329,1.0,0.0,13.942532626092628,1394.253262609263,-25.80488211848877,4.6104061238013205,97.81533044886044,-22.124175206810452,99265.319590128,100659.57285273726
2024-01-05,467.92,0.1212569269961676,473.0,2024-02-01,0.07397260273972603,1.0,0.0,13.036585722590502,1303.6585722590503,-24.41452750408013,4.926441821894277,96.75068144712534,-21.72535243900657,99265.319590128,100568.97816238705
2024-01-08,474.6,0.12267603297270091,473.0,2024-02-01,0.06575342465753424,1.0,0.0,11.959934664525093,1195.9934664525094,9.795596676684104,5.304005175465085,96.36903446671822,-24.62952260372182,99265.319590128,100461.3130565805
2024-01-09,473.88,0.12081845659845433,473.0,2024-02-01,0.06301369863013699,1.0,0.0,11.477668389063382,1147.7668389063383,6.093975418135594,5.53543477541597,94.63608211824399,-24.85605517402352,99265.319590128,100413.08642903433
2024-01-10,476.56,0.12067166288019693,473.0,2024-02-01,0.06027397260273973,1.0,0.0,11.579940108471703,1157.9940108471703,21.12324127809592,5.4521300465177145,90.06094387884997,-24.69955422368391,99265.319590128,100423.31360097516
2024-01-11,476.35,0.11902126737244904,473.0,2024-02-01,0.057534246575342465,1.0,0.0,11.140761769097281,1114.076176909728,20.627945327515334,5.6699482105216505,88.10132334632222,-24.96650276635524,99265.319590128,100379.39576703773
2024-01-12,476.68,0.11983118915846706,473.0,2024-02-01,0.0547945205479452,1.0,0.0,11.030043115239039,1103.0043115239039,22.842443271076675,5.72101344893947,85.35595590088664,-25.570764243402305,99265.319590128,100368.32390165191
2024-01-16,474.93,0.1236301075864498,473.0,2024-02-01,0.043835616438356165,1.0,0.0,9.909274648859594,990.9274648859594,13.519317665805431,6.397024212807794,78.19672547307623,-30.21084244732655,99265.319590128,100256.24705501396
2024-01-17,472.29,0.12929285057535808,473.0,2024-02-01,0.0410958904109589,1.0,0.0,9.900311394959033,990.0311394959033,-3.5260867105669282,6.439219580125736,76.31741304794251,-32.890986271685044,99265.319590128,100255.3507296239
2024-01-18,476.49,0.12647724062140445,473.0,2024-02-01,0.038356164383561646,1.0,0.0,9.792689500663244,979.2689500663244,24.280530931905137,6.444667046838328,70.98320745874322,-32.063429320851924,99265.319590128,100244.58854019432
2024-01-19,482.43,0.12417727501753614,473.0,2024-02-01,0.03561643835616438,1.0,0.0,11.926177491696038,1192.6177491696037,60.69291876492633,4.9005694647714515,50.44379779221676,-24.092205197588783,99265.319590128,100457.9373392976
2024-01-22,483.45,0.1176645082024754,473.0,2024-02-01,0.0273972602739726,1.0,0.0,11.673436021975142,1167.3436021975142,74.22655924797522,4.466307656948754,33.65149665629648,-19.797934021701852,99265.319590128,100432.66319232552
2024-01-23,484.86,0.11208077187461857,473.0,2024-02-01,0.024657534246575342,1.0,0.0,12.468471228965115,1246.8471228965113,84.31989164468506,3.431461348284484,22.294235472560178,-13.881972889550262,99265.319590128,100512.1667130245
2024-01-24,485.39,0.11560476736310318,473.0,2024-02-01,0.021917808219178082,1.0,0.0,12.858941380161784,1285.8941380161784,87.13291544014758,3.0282906865037216,18.078070555075485,-13.061944630582916,99265.319590128,100551.21372814418
2024-01-25,488.03,0.11771299293418427,473.0,2024-02-01,0.019178082191780823,1.0,0.0,15.194818616088675,1519.4818616088676,94.60311586097497,1.5662278746634914,8.421269496997622,-7.080663119978162,99265.319590128,100784.80145173687
2024-01-26,487.41,0.11673852264472179,473.0,2024-02-01,0.01643835616438356,1.0,0.0,14.530391884952627,1453.0391884952626,95.58369200162188,1.443402052163457,6.580346573609151,-6.401499479111577,99265.319590128,100718.35877862327
2024-01-29,491.27,0.11996604213812374,473.0,2024-02-01,0.00821917808219178,1.0,0.0,18.270651942697484,1827.0651942697484,99.95169960912898,0.0338265907117014,0.08049806452418504,-0.16095057001242974,99265.319590128,101092.38478439774
2024-01-30,490.89,0.11782471749056334,473.0,2024-02-01,0.005479452054794521,1.0,0.0,17.89001868840197,1789.001868840197,99.99796404825804,0.0021279614457320917,0.0033105920187904204,-0.009751739233512373,99265.319590128,101054.32145896819
2024-01-31,482.88,0.13093957205668055,473.0,2024-02-01,0.0027397260273972603,1.0,0.0,9.882363115010877,988.2363115010877,99.74699732335948,0.252385727360674,0.21111606403105546,-1.3821723539258586,99265.319590128,100253.55590162908
2024-02-01,489.2,0.12891604333841683,489.0,2024-03-01,0.07945205479452055,1.0,0.0,14.180804144567077,1418.0804144567078,2.347201617426914,4.486483796021324,109.97427345290605,-24.443876211320234,99467.23917567129,100885.319590128
2024-02-02,494.35,0.12946265196567613,489.0,2024-03-01,0.07671232876712329,1.0,0.0,14.708704471726037,1470.8704471726037,25.208484474161125,4.2746348647744545,103.74753014907292,-23.984697121407,99467.23917567129,100938.1096228439
2024-02-05,492.55,0.12925386249860965,489.0,2024-03-01,0.0684931506849315,1.0,0.0,13.547168136157524,1354.7168136157525,18.249065214534227,4.662947763859469,100.15021163591302,-25.88960336798992,99467.23917567129,100821.95598928705
2024-02-06,493.98,0.12231153210560185,489.0,2024-03-01,0.06575342465753424,1.0,0.0,12.93506483522944,1293.506483522944,26.52005837146907,4.862799667672953,95.43131175503115,-24.31739573251081,99467.23917567129,100760.74565919423
2024-02-07,498.1,0.12147229851406409,489.0,2024-03-01,0.06301369863013699,1.0,0.0,14.137847082431534,1413.7847082431535,46.46957137571382,4.334873228337093,82.32309801336264,-21.73907812278639,99467.23917567129,100881.02388391444
2024-02-08,498.32,0.12106385093144044,489.0,2024-03-01,0.06027397260273973,1.0,0.0,13.991847847329069,1399.1847847329068,48.43575945767897,4.3609978168805625,79.0217795534138,-21.742456682253717,99467.23917567129,100866.4239604042
2024-02-09,501.2,0.12198500389390246,489.0,2024-03-01,0.057534246575342465,1.0,0.0,15.430621960741348,1543.0621960741348,60.84653408970411,3.7690874567881583,66.44942298982735,-19.299602671813478,99467.23917567129,101010.30137174543
2024-02-12,500.98,0.12811393143435557,489.0,2024-03-01,0.049315068493150684,1.0,0.0,15.07285712334739,1507.285712334739,61.294052454855304,3.8509923688847327,61.06458839706963,-21.731179141581453,99467.23917567129,100974.52488800602
2024-02-13,494.08,0.1446907229913264,489.0,2024-03-01,0.04657534246575343,1.0,0.0,12.910777667001014,1291.0777667001014,27.109622761126097,4.870126302474553,80.11826146477377,-34.095203459253646,99467.23917567129,100758.31694237138
2024-02-14,498.57,0.13549020562946634,489.0,2024-03-01,0.043835616438356165,1.0,0.0,13.687248389923766,1368.7248389923766,51.44553718409117,4.4235958945147456,65.30745374656605,-27.65162605393468,99467.23917567129,100835.96401466367
2024-02-15,502.01,0.13282417911340916,489.0,2024-03-01,0.0410958904109589,1.0,0.0,15.340025118905814,1534.0025118905814,67.71546266373076,3.620887215066949,49.80985405883856,-22.05317659041314,99467.23917567129,101001.24168756187
2024-02-16,499.51,0.13585729984749173,489.0,2024-03-01,0.038356164383561646,1.0,0.0,13.675631758747414,1367.5631758747413,58.35099375792776,4.31553996822862,56.11018069396433,-27.224920153703042,99467.23917567129,100834.80235154604
2024-02-20,496.76,0.14121172599023743,489.0,2024-03-01,0.0273972602739726,1.0,0.0,11.201477031878937,1120.1477031878937,50.68400415245557,5.433647310054939,51.8755338753219,-36.627168375996185,99467.23917567129,100587.38687885918
2024-02-21,497.21,0.14067912450638237,489.0,2024-03-01,0.024657534246575342,1.0,0.0,11.04906506449852,1104.906506449852,55.55878802028076,5.422432398050016,46.500021916170795,-36.34212429274722,99467.23917567129,100572.14568212115
2024-02-22,507.5,0.1430098020496084,489.0,2024-03-01,0.021917808219178082,1.0,0.0,18.83786272220244,1883.7862722202442,92.23533034754531,1.5655075157864036,12.63834417506673,-11.296294366944466,99467.23917567129,101351.02544789153
2024-02-23,507.85,0.1380987499936787,489.0,2024-03-01,0.019178082191780823,1.0,0.0,19.02174257550042,1902.1742575500418,95.31119888059804,1.140277082693366,7.788901875729165,-7.6831258061544085,99467.23917567129,101369.41343322133
2024-02-26,505.99,0.1384400893006349,489.0,2024-03-01,0.010958904109589041,1.0,0.0,17.034655150188804,1703.4655150188805,98.19178079208358,0.6655754571633077,2.585295346680528,-4.473856483287102,99467.23917567129,101170.70469069017
2024-02-27,506.93,0.13585480015374352,489.0,2024-03-01,0.00821917808219178,1.0,0.0,17.936120019432536,1793.6120019432537,99.66093043754269,0.1747595779472788,0.5014646832141432,-1.1354397387036286,99467.23917567129,101260.85117761455
2024-02-28,506.26,0.1383696206517324,489.0,2024-03-01,0.005479452054794521,1.0,0.0,17.260930301718954,1726.0930301718954,99.93055396315629,0.048875600349376346,0.09497673067667468,-0.32854735486183073,99467.23917567129,101193.33220584318
2024-02-29,508.08,0.128779609465575,489.0,2024-03-01,0.0027397260273972603,1.0,0.0,19.080000007606404,1908.0000007606404,99.99999866740559,2.2756002661030227e-06,2.072594849669139e-06,-1.3345397766037693e-05,99467.23917567129,101375.23917643193
2024-03-01,512.85,0.1256190316632767,513.0,2024-03-29,0.07671232876712329,1.0,0.0,14.238865495947806,1423.8865495947807,0.7173779314668449,4.471406179139368,113.33014659689408,-25.422184417426834,100428.3526260765,101852.23917567129
2024-03-04,512.3,0.12650742482775537,513.0,2024-03-29,0.0684931506849315,1.0,0.0,13.553450522726507,1355.3450522726507,-1.9695807729230796,4.702662076567509,106.94380788711801,-27.05837147414699,100428.3526260765,101783.69767834916
2024-03-05,507.18,0.13478422554615369,513.0,2024-03-29,0.06575342465753424,1.0,0.0,14.825274448363928,1482.5274448363928,-24.560326861662652,4.334377662980453,98.81171410088857,-27.746375749950452,100428.3526260765,101910.8800709129
2024-03-06,509.75,0.13525789337128347,513.0,2024-03-29,0.06301369863013699,1.0,0.0,14.094791942822411,1409.4791942822412,-13.515180068133237,4.543724123938231,100.62919869843718,-29.58889875563241,100428.3526260765,101837.83182035876
2024-03-07,514.81,0.13541219155144302,513.0,2024-03-29,0.06027397260273973,1.0,0.0,13.707350995964362,1370.7350995964362,9.754895290328957,4.627094316707763,100.0898144142222,-30.80313891319782,100428.3526260765,101799.08772567294
2024-03-08,511.72,0.13840042549622678,513.0,2024-03-29,0.057534246575342465,1.0,0.0,13.608909150284404,1360.8909150284403,-4.67740964704339,4.68878071961765,97.76616067565531,-32.216376753912314,100428.3526260765,101789.24354110495
2024-03-11,511.28,0.14091617095865777,513.0,2024-03-29,0.049315068493150684,1.0,0.0,12.860357495548783,1286.0357495548783,-7.3044184122833755,4.965987347750174,90.21187142879845,-35.31197637989171,100428.3526260765,101714.38837563139
2024-03-12,516.78,0.1344412802065434,513.0,2024-03-29,0.04657534246575343,1.0,0.0,12.298781676182074,1229.8781676182075,21.094282803634613,5.1343015552158455,85.85813769168733,-33.949641021823886,100428.3526260765,101658.23079369472
2024-03-13,515.97,0.1287821887734536,513.0,2024-03-29,0.043835616438356165,1.0,0.0,11.32068561806608,1132.068561806608,18.002800639424432,5.588554853332135,83.99072705753261,-33.8015927098212,100428.3526260765,101560.42118788311
2024-03-14,514.95,0.13184455829845748,513.0,2024-03-29,0.0410958904109589,1.0,0.0,11.070736663950925,1107.0736663950925,12.342515345936267,5.727638009281744,82.29364364069157,-36.16656365525881,100428.3526260765,101535.4262924716
2024-03-15,509.83,0.13402353714616994,513.0,2024-03-29,0.038356164383561646,1.0,0.0,11.007493467221053,1100.7493467221052,-17.64849168185114,5.815873562846381,77.71090694340975,-37.19675222640226,100428.3526260765,101529.10197279861
2024-03-18,512.86,0.13326053511302333,513.0,2024-03-29,0.030136986301369864,1.0,0.0,9.468259775244576,946.8259775244576,-0.018451432487137653,6.7249608227232,71.03768306691407,-43.029634812210574,100428.3526260765,101375.17860360096
2024-03-19,515.71,0.12940701374936153,513.0,2024-03-29,0.0273972602739726,1.0,0.0,9.054935558398569,905.4935558398569,20.25800705182821,6.98900920040649,65.90094899942142,-42.640225066320504,100428.3526260765,101333.84618191636
2024-03-20,520.48,0.12584170296260694,513.0,2024-03-29,0.024657534246575342,1.0,0.0,10.240260522958309,1024.0260522958308,54.21737506830144,5.8890362475582965,49.50243373481144,-34.60816978879041,100428.3526260765,101452.37867837233
2024-03-21,522.2,0.11668687525587754,513.0,2024-03-29,0.021917808219178082,1.0,0.0,10.609576936765492,1060.9576936765493,70.05270150653647,5.1631535397742425,36.00873856392895,-26.260919905816777,100428.3526260765,101489.31031975306
2024-03-22,521.21,0.11780164110188486,513.0,2024-03-29,0.019178082191780823,1.0,0.0,9.688716663245401,968.8716663245401,67.36025641137059,5.797363833225313,35.5805414063798,-29.938901206893618,100428.3526260765,101397.22429240105
2024-03-25,519.77,0.11836060226754823,513.0,2024-03-29,0.010958904109589041,1.0,0.0,7.723272133684162,772.3272133684162,71.28092655345245,7.031788934575291,24.641238853267364,-36.45689839114044,100428.3526260765,101200.67983944493
2024-03-26,518.81,0.11890980880457279,513.0,2024-03-29,0.00821917808219178,1.0,0.0,6.660530670585885,666.0530670585886,70.63095320686475,8.219920046084335,21.62371661869621,-42.85453347955715,100428.3526260765,101094.4056931351
2024-03-27,523.17,0.11724070623309757,513.0,2024-03-29,0.005479452054794521,1.0,0.0,10.206781669041723,1020.6781669041723,97.65675614646968,1.3475581331823547,2.3694564530364914,-6.944918698564215,100428.3526260765,101449.03079298067
2024-03-28,523.07,0.11859095749310727,513.0,2024-03-29,0.0027397260273972603,1.0,0.0,10.071531665422143,1007.1531665422142,99.8280255442649,0.18054387342816403,0.16049484638968425,-0.9516618753030914,100428.3526260765,101435.50579261871
2024-04-01,522.16,0.12087761254487056,522.0,2024-05-01,0.0821917808219178,1.0,0.0,14.435520100062575,1443.5520100062577,2.0878846300139475,4.407858730865988,119.4013206833242,-24.054910964841174,99900.80061607025,101344.3526260765
2024-04-02,518.84,0.12791441766773626,522.0,2024-05-01,0.07945205479452055,1.0,0.0,15.182486044302522,1518.2486044302523,-11.953525459446102,4.217197504577591,115.37599879178026,-25.4452649970414,99900.80061607025,101419.0492205005
2024-04-03,519.41,0.12293549535006004,522.0,2024-05-01,0.07671232876712329,1.0,0.0,14.296230180981269,1429.623018098127,-10.26882972808243,4.474073092051296,113.83246764584459,-24.989376423145686,99900.80061607025,101330.42363416837
2024-04-04,513.07,0.1391772481077261,522.0,2024-05-01,0.07397260273972603,1.0,0.0,17.22608407912128,1722.6084079121279,-33.78306699336347,3.7342769627618226,101.20428787641652,-26.083952376558813,99900.80061607025,101623.40902398237
2024-04-05,518.43,0.13751721595317196,522.0,2024-05-01,0.07123287671232877,1.0,0.0,15.49884572730818,1549.884572730818,-13.39094443258928,4.134072372570254,108.8418412616662,-28.783898056771946,99900.80061607025,101450.68518880107
2024-04-08,518.72,0.13136609236460592,522.0,2024-05-01,0.06301369863013699,1.0,0.0,13.940011770814891,1394.001177081489,-13.86534110868372,4.593904491090126,102.32133580675769,-29.220769674913882,99900.80061607025,101294.80179315174
2024-04-09,519.32,0.13004415765346294,522.0,2024-05-01,0.06027397260273973,1.0,0.0,13.434668109081144,1343.4668109081144,-11.549372298296351,4.761758932295438,100.66028698770772,-29.750641432891562,99900.80061607025,101244.26742697836
2024-04-10,514.12,0.13490147359586607,522.0,2024-05-01,0.057534246575342465,1.0,0.0,14.825572224254529,1482.557222425453,-35.01021813841692,4.326702458273158,88.76242364818829,-28.509956547812266,99900.80061607025,101383.3578384957
2024-04-11,518.0,0.130981749012284,522.0,2024-05-01,0.0547945205479452,1.0,0.0,13.118770505508508,1311.8770505508508,-18.62239329830051,4.886321410922062,94.09996599165261,-30.81344531895776,99900.80061607025,101212.6776666211
2024-04-12,510.85,0.14990963401599733,522.0,2024-05-01,0.052054794520547946,1.0,0.0,16.81042461503975,1681.0424615039751,-46.09051704366749,3.7815903057992615,77.01078525770984,-30.380680613862754,99900.80061607025,101581.84307757423
2024-04-15,504.45,0.1627172081906983,522.0,2024-05-01,0.043835616438356165,1.0,0.0,20.441536760384338,2044.1536760384338,-67.62623550501452,2.853118676060875,51.78651570048235,-26.33299142720704,99900.80061607025,101944.95429210868
2024-04-16,503.53,0.1567632008658493,522.0,2024-05-01,0.0410958904109589,1.0,0.0,20.561315883998347,2056.1315883998345,-73.63007395432919,2.6699563674116438,43.61113430228478,-22.788736688721997,99900.80061607025,101956.93220447008
2024-04-17,500.55,0.15509067232647733,522.0,2024-05-01,0.038356164383561646,1.0,0.0,22.635870307745954,2263.5870307745954,-82.81415776485328,2.0637156787793773,30.758534886639566,-17.037006626236924,99900.80061607025,102164.38764684484
2024-04-18,499.52,0.15095071941298338,522.0,2024-05-01,0.03561643835616438,1.0,0.0,23.248473041038192,2324.847304103819,-87.42236316881329,1.7368441538056334,23.299805138219597,-13.527393645371443,99900.80061607025,102225.64792017407
2024-04-19,495.16,0.15543483097854283,522.0,2024-05-01,0.03287671232876712,1.0,0.0,27.179698300699506,2717.9698300699506,-93.6956044156703,1.0159275157783536,12.728890733933238,-8.243804082388554,99900.80061607025,102618.7704461402
2024-04-22,499.72,0.14797149163577097,522.0,2024-05-01,0.024657534246575342,1.0,0.0,22.558248351027657,2255.824835102766,-93.79114909194158,1.2056917187818637,10.985439517857587,-9.030732620732957,99900.80061607025,102156.62545117302
2024-04-23,505.65,0.14447197001497536,522.0,2024-05-01,0.021917808219178082,1.0,0.0,17.01211544060341,1701.2115440603409,-86.0364139295732,2.4779908072382133,20.062286656183797,-18.115237976400163,99900.80061607025,101602.01216013059
2024-04-24,505.41,0.1461624551165455,522.0,2024-05-01,0.019178082191780823,1.0,0.0,17.078263847864633,1707.8263847864632,-88.71491230336241,2.21914198975048,15.889628997421429,-16.589051322529784,99900.80061607025,101608.62700085671
2024-04-25,503.49,0.1405226532190406,522.0,2024-05-01,0.01643835616438356,1.0,0.0,18.66521078924849,1866.521078924849,-95.39455909743783,1.2025795264915535,7.042068277304585,-8.246417653970656,99900.80061607025,101767.3216949951
2024-04-26,508.26,0.14107406774830655,522.0,2024-05-01,0.0136986301369863,1.0,0.0,14.121094062447156,1412.1094062447155,-89.20015850956204,2.612874975234015,13.044121115575408,-18.40187225975801,99900.80061607025,101312.91002231496
2024-04-29,510.06,0.13939607190241152,522.0,2024-05-01,0.005479452054794521,1.0,0.0,11.986079982336085,1198.6079982336084,-97.47349760538917,1.2409126421126233,2.4658769962949125,-8.593339176950701,99900.80061607025,101099.40861430386
2024-04-30,501.98,0.14900704668737125,522.0,2024-05-01,0.0027397260273972603,1.0,0.0,20.020000395649696,2002.0000395649695,-99.99994564150674,7.214812814710446e-05,7.421844298043391e-05,-0.0005529535499124759,99900.80061607025,101902.80065563522
2024-05-01,500.35,0.1473324524258115,500.0,2024-05-31,0.0821917808219178,1.0,0.0,16.857841017929417,1685.7841017929418,3.0062004427111653,3.7726380737003504,114.37201165032951,-28.084514942194218,100380.0165142773,102065.80061607025
2024-05-02,505.03,0.1429422061834716,500.0,2024-05-31,0.07945205479452055,1.0,0.0,16.64960366638519,1664.960366638519,21.174622953421853,3.782213191232505,109.55847368273245,-27.000913679833765,100380.0165142773,102044.97688091583
2024-05-03,511.29,0.13669634909584555,500.0,2024-05-31,0.07671232876712329,1.0,0.0,17.85531586730707,1785.531586730707,45.72716309722331,3.4247495908009187,93.8826851257242,-22.916821964288115,100380.0165142773,102165.54810100801
2024-05-06,516.57,0.13882502331471228,500.0,2024-05-31,0.0684931506849315,1.0,0.0,20.296513822145783,2029.6513822145785,64.00797658646309,2.795843870273079,70.9391819527958,-19.69626717704699,100380.0165142773,102409.66789649188
2024-05-07,517.14,0.1372624128076774,500.0,2024-05-31,0.06575342465753424,1.0,0.0,20.370624693034145,2037.0624693034144,67.05451188438273,2.724617505018181,65.7645436241698,-18.806249864686052,100380.0165142773,102417.07898358072
2024-05-08,517.19,0.13397850831957522,500.0,2024-05-31,0.06301369863013699,1.0,0.0,20.012211607486392,2001.2211607486392,69.31609824304834,2.721353716060572,61.45473383979143,-17.899159932677772,100380.0165142773,102381.23767502594
2024-05-09,520.17,0.1316880858951808,500.0,2024-05-31,0.06027397260273973,1.0,0.0,21.933442791942085,2193.3442791942084,78.48012713001378,2.201013650855357,47.270439507980186,-14.14762204143146,100380.0165142773,102573.36079347151
2024-05-10,520.84,0.12669256523583383,500.0,2024-05-31,0.057534246575342465,1.0,0.0,22.125637441120823,2212.563744112082,82.5833400151181,2.0022280544939797,39.591300040299465,-11.942674674112169,100380.0165142773,102592.58025838938
2024-05-13,520.91,0.12886887656941126,500.0,2024-05-31,0.049315068493150684,1.0,0.0,21.90863640265505,2190.8636402655047,85.17951866086248,1.8817619321720043,32.450227898296546,-11.616178926874564,100380.0165142773,102570.88015454281
2024-05-14,523.3,0.12767680465298162,500.0,2024-05-31,0.04657534246575343,1.0,0.0,23.877551618580334,2387.7551618580333,90.44375880230491,1.3795770302590593,22.465468833449,-8.436233163782102,100380.0165142773,102767.77167613534
2024-05-15,529.78,0.12251221097922754,500.0,2024-05-31,0.043835616438356165,1.0,0.0,29.890043845111325,2989.0043845111327,97.66892060969772,0.44821531826913896,6.755917052986586,-2.5865072979801687,100380.0165142773,103369.02089878844
2024-05-16,528.69,0.12233215027855862,500.0,2024-05-31,0.0410958904109589,1.0,0.0,28.798033407895453,2879.8033407895455,97.63165129397919,0.4709910918235215,6.6184133775618434,-2.698815799698394,100380.0165142773,103259.81985506685
2024-05-17,529.45,0.11658699309313286,500.0,2024-05-31,0.038356164383561646,1.0,0.0,29.49615277967458,2949.615277967458,98.81935500305276,0.2772668323569624,3.4756264920026094,-1.4471887207764922,100380.0165142773,103329.63179224476
2024-05-20,530.06,0.11677386015202557,500.0,2024-05-31,0.030136986301369864,1.0,0.0,30.07211200489396,3007.211200489396,99.61485772372032,0.1140202634168786,1.1273987836697423,-0.5984123086355191,100380.0165142773,103387.2277147667
2024-05-21,531.36,0.11299269131819413,500.0,2024-05-31,0.0273972602739726,1.0,0.0,31.362935199906726,3136.2935199906724,99.88933749314685,0.03928094148574208,0.34333422151726456,-0.1939712885543638,100380.0165142773,103516.31003426798
2024-05-22,529.83,0.11607056714256742,500.0,2024-05-31,0.024657534246575342,1.0,0.0,29.83375104499321,2983.375104499321,99.85698303691095,0.05122514842648389,0.41155517542129977,-0.2653857923422728,100380.0165142773,103363.39161877663
2024-05-23,525.96,0.12031397409329278,500.0,2024-05-31,0.021917808219178082,1.0,0.0,25.972076951662146,2597.2076951662148,99.56367688264432,0.14645722186711665,1.0683890295641014,-0.8033883126533343,100380.0165142773,102977.22420944352
2024-05-24,529.44,0.1170340639414219,500.0,2024-05-31,0.019178082191780823,1.0,0.0,29.44086536349149,2944.086536349149,99.95969339640016,0.017789974171239096,0.11192478753868562,-0.09356437672451852,100380.0165142773,103324.10305062645
2024-05-28,529.81,0.1203734896348286,500.0,2024-05-31,0.00821917808219178,1.0,0.0,29.81000011105439,2981.0000111054387,99.99998915673281,1.029371731680295e-05,2.8587210608481805e-05,-5.735237166447911e-05,100380.0165142773,103361.01652538274
2024-05-29,526.1,0.12200568793346027,500.0,2024-05-31,0.005479452054794521,1.0,0.0,26.100000013672094,2610.0000013672093,99.99999828594213,2.0946194339354627e-06,3.875778430649589e-06,-1.1821675342726751e-05,100380.0165142773,102990.01651564451
2024-05-30,522.61,0.12455304702843237,500.0,2024-05-31,0.0027397260273972603,1.0,0.0,22.610000000005602,2261.0000000005602,99.99999999885686,2.324708732727826e-09,2.1666335816193572e-09,-1.3493040719240833e-08,100380.0165142773,102641.01651427787
2024-05-31,527.37,0.11515698175133676,527.0,2024-06-28,0.07671232876712329,1.0,0.0,13.41876890195175,1341.876890195175,3.0274229593508952,4.740116447965159,116.45959971424054,-23.94845714117997,101775.13962408213,103117.0165142773
2024-06-03,527.8,0.11312052760380464,528.0,2024-07-03,0.0821917808219178,1.0,0.0,13.660227735098829,1366.0227735098829,0.36169380978874344,4.661338008131921,120.7311062880364,-22.761944069156158,101656.49705052726,103022.51982403715
2024-06-04,528.39,0.11088242498237669,528.0,2024-07-03,0.07945205479452055,1.0,0.0,13.175075412185151,1317.5075412185151,3.1310075189847133,4.827648439328106,118.74427073822702,-22.701125331411173,101656.49705052726,102974.00459174578
2024-06-05,534.67,0.11112250484697944,528.0,2024-07-03,0.07671232876712329,1.0,0.0,14.117865550737662,1411.786555073766,32.78981663653413,4.433196473291669,108.03284219950524,-21.43728576954908,101656.49705052726,103068.28360560103
2024-06-06,534.66,0.11083376079482189,528.0,2024-07-03,0.07397260273972603,1.0,0.0,13.868005483279262,1386.8005483279262,33.34551354503544,4.511667110029343,105.73905037804971,-21.702697437541456,101656.49705052726,103043.29759885519
2024-06-07,534.01,0.10834736577330739,528.0,2024-07-03,0.07123287671232877,1.0,0.0,13.177840243002464,1317.7840243002465,31.515427279446428,4.7584239550490794,104.7275040480325,-21.82105613003405,101656.49705052726,102974.28107482751
2024-06-10,535.66,0.11155746401598446,528.0,2024-07-03,0.06301369863013699,1.0,0.0,13.420539627757535,1342.0539627757535,40.273548216350406,4.626152423824078,93.31081367979718,-22.629386389970005,101656.49705052726,102998.55101330302
2024-06-11,536.95,0.11219141583227171,528.0,2024-07-03,0.06027397260273973,1.0,0.0,13.815260544549716,1381.5260544549715,46.73883922616638,4.440410904783698,86.57256778208946,-22.0743157993362,101656.49705052726,103038.02310498223
2024-06-12,541.36,0.1083559220149224,528.0,2024-07-03,0.057534246575342465,1.0,0.0,15.850410663086464,1585.0410663086464,67.0156316377533,3.5273961648600674,64.44743654433607,-16.626812876808902,101656.49705052726,103241.53811683592
2024-06-13,542.45,0.10411174289988531,528.0,2024-07-03,0.0547945205479452,1.0,0.0,16.21218932049213,1621.218932049213,73.73106457902519,3.22325529469592,54.1066916610442,-14.082854928445009,101656.49705052726,103277.71598257648
2024-06-14,542.78,0.10808572751956028,528.0,2024-07-03,0.052054794520547946,1.0,0.0,16.522847891196733,1652.2847891196734,74.23038517425779,3.1414631910290876,52.0725367770426,-14.81131058246239,101656.49705052726,103308.78183964694
2024-06-17,547.1,0.10997159800507054,528.0,2024-07-03,0.043835616438356165,1.0,0.0,19.756570161355818,1975.6570161355817,88.00225646933093,1.8910400306972404,27.286121332923003,-9.377182394818089,101656.49705052726,103632.15406666284
2024-06-18,548.49,0.10836654752350731,528.0,2024-07-03,0.0410958904109589,1.0,0.0,20.88871490844008,2088.871490844008,91.88530365135938,1.4469818569847395,19.386265025830973,-7.002742034083398,101656.49705052726,103745.36854137127
2024-06-20,547.0,0.11372379338229222,528.0,2024-07-03,0.03561643835616438,1.0,0.0,19.47925761467473,1947.925761467473,90.26666819814157,1.7195022584165842,20.839112956179576,-9.115011446533902,101656.49705052726,103604.42281199474
2024-06-21,544.51,0.11377666497728445,528.0,2024-07-03,0.03287671232876712,1.0,0.0,17.169508298619647,1716.9508298619646,86.71117222198939,2.29627468664372,25.466961958685758,-12.073108328177655,101656.49705052726,103373.44788038923
2024-06-24,542.74,0.11282197078551942,528.0,2024-07-03,0.024657534246575342,1.0,0.0,15.230713712348582,1523.0713712348581,88.19572556093347,2.4460612055281934,20.04445752362439,-12.563640006344091,101656.49705052726,103179.56842176212
2024-06-25,544.83,0.10921429729474558,528.0,2024-07-03,0.021917808219178082,1.0,0.0,17.002408062970375,1700.2408062970376,94.86694099592312,1.3564207328039506,9.63813630518529,-6.578889273761167,101656.49705052726,103356.7378568243
2024-06-26,545.51,0.10745715795138272,528.0,2024-07-03,0.019178082191780823,1.0,0.0,17.58977309952209,1758.977309952209,97.21785098021174,0.8743861211591943,5.3622766182202115,-4.11582146816497,101656.49705052726,103415.47436047948
2024-06-27,546.37,0.1029932659943329,528.0,2024-07-03,0.01643835616438356,1.0,0.0,18.391439744935408,1839.1439744935408,99.05832548470335,0.3799287387127289,1.920184909351173,-1.6480509593925778,101656.49705052726,103495.6410250208
2024-06-28,544.22,0.10274391414032119,528.0,2024-07-03,0.0136986301369863,1.0,0.0,16.244574141548988,1624.4574141548987,98.83362056578622,0.5066853868801802,2.112129885479305,-2.1700849160689217,101656.49705052726,103280.95446468216
2024-07-01,545.34,0.09938552556772366,545.0,2024-07-31,0.0821917808219178,1.0,0.0,12.396487982572467,1239.6487982572467,2.8825008046541587,5.131588720566778,124.66314481638135,-20.649520277502177,102150.84917597272,103390.49797422996
2024-07-02,549.01,0.09915939759873632,545.0,2024-07-31,0.07945205479452055,1.0,0.0,12.615580238742467,1261.5580238742468,21.764947529220603,5.004965725912507,118.8503954225796,-20.31919588702517,102150.84917597272,103412.40719984696
2024-07-03,551.46,0.09971065443501018,545.0,2024-07-31,0.07671232876712329,1.0,0.0,13.163027629792452,1316.3027629792452,34.04154036525928,4.754656227943867,110.59968460850081,-19.692798093963106,102150.84917597272,103467.15193895197
2024-07-05,554.64,0.09861325357609214,545.0,2024-07-31,0.07123287671232877,1.0,0.0,14.016852572963671,1401.6852572963671,50.30778359853771,4.33949448388039,93.77288688967518,-17.7831720642572,102150.84917597272,103552.53443326909
2024-07-08,555.28,0.09781710834084632,545.0,2024-07-31,0.06301369863013699,1.0,0.0,13.75639556384283,1375.639556384283,56.06578429278186,4.339519919488962,82.47371177871493,-17.537695652891937,102150.84917597272,103526.488732357
2024-07-09,555.82,0.09824632804243104,545.0,2024-07-31,0.06027397260273973,1.0,0.0,13.927778133550376,1392.7778133550376,59.18141174458751,4.227454353519725,77.33808438463066,-17.268597292330995,102150.84917597272,103543.62698932775
2024-07-10,561.32,0.10280741595548577,545.0,2024-07-31,0.057534246575342465,1.0,0.0,17.861328369276883,1786.1328369276882,77.32723387929335,2.7760702895333944,51.73713373532741,-12.664192924458096,102150.84917597272,103936.98201290041
2024-07-11,556.48,0.10759693127185622,545.0,2024-07-31,0.0547945205479452,1.0,0.0,14.655107049810354,1465.5107049810354,59.92235352924915,3.9996050005130948,73.02191862719482,-19.6423358996734,102150.84917597272,103616.35988095375
2024-07-12,559.99,0.10409435349131685,545.0,2024-07-31,0.052054794520547946,1.0,0.0,16.64445310073549,1664.445310073549,75.16385671380606,3.0814430048165518,52.36035608612878,-14.343203724633453,102150.84917597272,103815.29448604627
2024-07-15,561.53,0.10808988344307646,545.0,2024-07-31,0.043835616438356165,1.0,0.0,17.621585189607778,1762.1585189607779,81.70141211696387,2.5871512756769737,38.6527072455182,-13.056145690398187,102150.84917597272,103913.00769493349
2024-07-16,564.86,0.1090414166689033,545.0,2024-07-31,0.0410958904109589,1.0,0.0,20.404796005479234,2040.4796005479234,89.69488836101766,1.6920035176456005,24.19205631619452,-8.7931203095058,102150.84917597272,104191.32877652065
2024-07-17,556.94,0.12319569841281341,545.0,2024-07-31,0.038356164383561646,1.0,0.0,14.618643671549478,1461.8643671549478,63.73244225125876,3.9236363689825615,57.50906246203715,-25.303103982417063,102150.84917597272,103612.71354312767
2024-07-18,552.66,0.13377805060048167,545.0,2024-07-31,0.03561643835616438,1.0,0.0,12.702945806842393,1270.2945806842395,42.82314316407343,4.873522049576689,70.92418463246332,-36.49268907907532,102150.84917597272,103421.14375665695
2024-07-19,548.99,0.13839188197446692,545.0,2024-07-31,0.03287671232876712,1.0,0.0,11.410782735795209,1141.078273579521,23.82937636383677,5.531628809797387,75.85442038471993,-43.74014997134899,102150.84917597272,103291.92744955224
2024-07-22,554.65,0.13052877099664842,545.0,2024-07-31,0.024657534246575342,1.0,0.0,12.100482078812306,1210.0482078812306,61.38179650950604,4.821449868804678,47.73880945562124,-34.61826737269677,102150.84917597272,103360.89738385395
2024-07-23,553.78,0.1290934359982016,545.0,2024-07-31,0.021917808219178082,1.0,0.0,11.146992332733873,1114.6992332733873,60.23219594838623,5.271895841883582,45.744895304342265,-36.90853571384714,102150.84917597272,103265.54840924611
2024-07-24,541.23,0.1610092546383021,545.0,2024-07-31,0.019178082191780823,1.0,0.0,10.126650719043568,1012.6650719043568,-23.594851589631155,6.320334288050457,57.16889351331807,-65.7480066648272,102150.84917597272,103163.51424787707
2024-07-25,538.41,0.16391691093233368,545.0,2024-07-31,0.01643835616438356,1.0,0.0,10.564034193020888,1056.4034193020889,-43.02052720239629,5.99970319698031,46.86386988814573,-64.01483988666381,102150.84917597272,103207.25259527481
2024-07-26,544.44,0.1540221570744895,545.0,2024-07-31,0.0136986301369863,1.0,0.0,7.84756117873161,784.756117873161,-3.8295846963643854,8.120217114160779,50.78413191921779,-78.21881543353359,102150.84917597272,102935.60529384587
2024-07-29,544.76,0.1550027943270017,545.0,2024-07-31,0.005479452054794521,1.0,0.0,4.991906997771878,499.1906997771878,-2.6047651244026415,12.758371661242693,32.15750386305046,-124.61257393385432,102150.84917597272,102650.0398757499
2024-07-30,542.0,0.16191947152543987,545.0,2024-07-31,0.0027397260273972603,1.0,0.0,4.428324319756314,442.8324319756314,-48.239783096282366,14.088845693814644,18.360318001504297,-148.6446493921298,102150.84917597272,102593.68160794835
2024-07-31,550.81,0.15791330660492112,551.0,2024-08-30,0.0821917808219178,1.0,0.0,19.89872319027603,1989.872319027603,1.1982272731808796,3.1993101684596468,125.98159332854813,-33.15694995644584,100741.97685694511,102731.84917597272
2024-08-01,543.01,0.1742765826327281,543.0,2024-08-30,0.07945205479452055,1.0,0.0,21.28099144356804,2128.099144356804,1.989460241582569,2.990236927763102,122.08587618457733,-36.68398153305258,100851.71468518075,102979.81382953755
2024-08-02,532.9,0.20720498947838278,543.0,2024-08-30,0.07671232876712329,1.0,0.0,25.93552433786826,2593.552433786826,-23.465144380494852,2.4952716023580916,112.6353312078594,-41.67607610324763,100851.71468518075,103445.26711896757
2024-08-05,517.38,0.3086292125920389,543.0,2024-08-30,0.0684931506849315,1.0,0.0,40.094334742263186,4009.4334742263186,-42.314631214010426,1.6340347578258627,92.46230978060983,-57.0731397240616,100851.71468518075,104861.14815940706
2024-08-06,522.15,0.24534185838187525,543.0,2024-08-30,0.06575342465753424,1.0,0.0,31.74220668272605,3174.220668272605,-44.54233055262511,2.0398117495689605,89.71616098716346,-45.8565201322462,100851.71468518075,104025.93535345336
2024-08-07,518.66,0.2438792196693829,543.0,2024-08-30,0.06301369863013699,1.0,0.0,32.87362892689109,3287.362892689109,-52.75545547166986,1.9411657461003693,80.248680254991,-42.54562069583699,100851.71468518075,104139.07757786986
2024-08-08,530.65,0.22798980568437371,543.0,2024-08-30,0.06027397260273973,1.0,0.0,25.96784419958169,2596.784419958169,-29.831207052129965,2.4962685353227965,96.5946080384034,-50.05133162916779,100851.71468518075,103448.49910513892
2024-08-09,532.99,0.20710402631018154,543.0,2024-08-30,0.057534246575342465,1.0,0.0,22.799920356952697,2279.99203569527,-27.34493398350884,2.834729465841585,95.95435977481559,-47.31555774138103,100851.71468518075,103131.70672087601
2024-08-12,533.27,0.20891260324424865,543.0,2024-08-30,0.049315068493150684,1.0,0.0,21.411645378564458,2141.164537856446,-28.604303291188927,3.015527300082506,88.34904325669724,-51.2700795024871,100851.71468518075,102992.87922303719
2024-08-13,542.04,0.1968051990278477,543.0,2024-08-30,0.04657534246575343,1.0,0.0,18.39985503270367,1839.985503270367,-1.6296060882474483,3.465002364166282,93.31658401800473,-54.015261441947914,100851.71468518075,102691.70018845111
2024-08-14,543.75,0.18360632816651012,543.0,2024-08-30,0.043835616438356165,1.0,0.0,16.676080041280613,1667.6080041280613,4.396211431341296,3.8113575930215937,90.6970165088653,-52.0392068026566,100851.71468518075,102519.32268930881
2024-08-15,553.07,0.1809565219990141,543.0,2024-08-30,0.0410958904109589,1.0,0.0,18.010686703153226,1801.0686703153226,39.64150883862869,3.4366766658563668,78.17565215132456,-47.15464706102812,100851.71468518075,102652.78335549607
2024-08-16,554.31,0.1778538124373994,543.0,2024-08-30,0.038356164383561646,1.0,0.0,17.842135921371863,1784.2135921371864,45.763948372224725,3.432459094896398,71.94641322395825,-45.699799582419644,100851.71468518075,102635.92827731793
2024-08-19,559.61,0.17678726158672112,543.0,2024-08-30,0.030136986301369864,1.0,0.0,19.528041669039396,1952.8041669039396,68.12912876239321,2.8259054337947185,47.14974486201687,-37.88851944849334,100851.71468518075,102804.51885208469
2024-08-20,558.7,0.18417007334833535,543.0,2024-08-30,0.0273972602739726,1.0,0.0,18.861275426689843,1886.1275426689845,65.80232443249272,2.982657092659089,46.9771716817357,-43.25894577161302,100851.71468518075,102737.84222784973
2024-08-21,560.62,0.17940114159682952,543.0,2024-08-30,0.024657534246575342,1.0,0.0,19.615115313318626,1961.5115313318624,74.88944152344396,2.6149154998335504,36.35546306999498,-36.23450876688043,100851.71468518075,102813.22621651262
2024-08-22,556.22,0.1876473204802155,543.0,2024-08-30,0.021917808219178082,1.0,0.0,16.48299749916599,1648.299749916599,62.101529380718425,3.506567095586935,44.6184875227699,-52.32837267204812,100851.71468518075,102500.01443509734
2024-08-23,562.13,0.17737191796166135,543.0,2024-08-30,0.019178082191780823,1.0,0.0,20.104383550532873,2010.4383550532873,84.49315159688275,2.102885933906847,22.603686790278836,-28.6375662785459,100851.71468518075,102862.15304023403
2024-08-26,560.79,0.17929779965658743,543.0,2024-08-30,0.010958904109589041,1.0,0.0,18.152955984867212,1815.2955984867212,91.5812957685277,1.7065312851957473,10.545249574202286,-23.634250568550442,100851.71468518075,102667.01028366746
2024-08-27,561.56,0.17440006192332735,543.0,2024-08-30,0.00821917808219178,1.0,0.0,18.665182534007226,1866.5182534007226,96.71236041857671,0.9227508762929265,4.171111718515474,-12.124035699970248,100851.71468518075,102718.23293858147
2024-08-28,558.3,0.18221348164598522,543.0,2024-08-30,0.005479452054794521,1.0,0.0,15.407184614552765,1540.7184614552766,96.1253988086963,1.2516333100611943,3.895202192802224,-17.743958831639233,100851.71468518075,102392.43314663603
2024-08-29,558.35,0.17028145071281664,543.0,2024-08-30,0.0027397260273972603,1.0,0.0,15.35237229509576,1535.237229509576,99.82645195635962,0.11878401943722511,0.17276093065947276,-1.4708990949595675,100851.71468518075,102386.95191469032
2024-08-30,563.68,0.1641794837959106,564.0,2024-09-27,0.07671232876712329,1.0,0.0,20.45708804900488,2045.708804900488,0.818262704242767,3.1126703405341294,124.56109915199755,-36.518530285403926,100874.00588028027,102919.71468518075
2024-09-03,552.08,0.18736834018030918,552.0,2024-10-03,0.0821917808219178,1.0,0.0,23.65758347200608,2365.758347200608,2.3579012480808403,2.689291933106429,126.23116133374039,-39.41953863022627,100855.23701279283,103220.99535999344
2024-09-04,550.95,0.1907415665136592,552.0,2024-10-03,0.07945205479452055,1.0,0.0,23.669203385563947,2366.9203385563947,-0.6806550752821661,2.693482506888055,123.90505152544841,-40.7480062533098,100855.23701279283,103222.15735134922
2024-09-05,549.61,0.18115023783911238,552.0,2024-10-03,0.07671232876712329,1.0,0.0,22.13011124628099,2213.011124628099,-4.895625222527683,2.8879881753083794,121.22961840873576,-39.21566822837021,100855.23701279283,103068.24813742093
2024-09-06,540.36,0.19459272364060615,552.0,2024-10-03,0.07397260273972603,1.0,0.0,24.90592331357024,2490.5923313570242,-29.32526798062076,2.5993104528830036,109.25014844804232,-39.36904434193538,100855.23701279283,103345.82934414985
2024-09-09,546.41,0.1785779987924895,552.0,2024-10-03,0.06575342465753424,1.0,0.0,20.557822604186697,2055.7822604186695,-15.80351429390125,3.1260944107229847,109.59372709120481,-40.77297596699499,100855.23701279283,102911.0192732115
2024-09-10,548.79,0.17650156629582475,552.0,2024-10-03,0.06301369863013699,1.0,0.0,19.623905551560426,1962.3905551560426,-8.71783035559961,3.261858512029166,109.25995880167095,-41.92294317807001,100855.23701279283,102817.62756794888
2024-09-11,554.42,0.16560690032320174,552.0,2024-10-03,0.06027397260273973,1.0,0.0,18.048754605612146,1804.8754605612146,10.17889420717568,3.510786790489627,107.71854474266335,-40.5430325049059,100855.23701279283,102660.11247335405
2024-09-12,559.09,0.16272381842153105,552.0,2024-10-03,0.057534246575342465,1.0,0.0,18.216526158895448,1821.652615889545,27.102829583282585,3.4432912117076913,100.76617188743076,-39.040610136293026,100855.23701279283,102676.88962868237
2024-09-13,562.01,0.15536045789451775,552.0,2024-10-03,0.0547945205479452,1.0,0.0,18.095494405314952,1809.5494405314953,39.159740316790234,3.423608963692018,92.055526209188,-35.75447175895057,100855.23701279283,102664.78645332433
2024-09-16,562.84,0.15880933662203744,552.0,2024-10-03,0.04657534246575343,1.0,0.0,17.63216205301279,1763.2162053012792,44.11556012154006,3.48658193407252,81.69620309654488,-38.159175936180986,100855.23701279283,102618.4532180941
2024-09-17,563.07,0.16007937526131769,552.0,2024-10-03,0.043835616438356165,1.0,0.0,17.45080376786518,1745.0803767865182,45.76034928123709,3.5118979541744157,78.13204023342438,-39.085400588933474,100855.23701279283,102600.31738957934
2024-09-18,561.4,0.1639339682135173,552.0,2024-10-03,0.0410958904109589,1.0,0.0,16.62596074117448,1662.596074117448,40.021935803441245,3.7266021890164156,79.12709059369328,-43.23872651404873,100855.23701279283,102517.83308691028
2024-09-19,570.98,0.15735690587286416,552.0,2024-10-03,0.038356164383561646,1.0,0.0,21.36854312857365,2136.8543128573647,73.40219282611366,2.442439331616821,48.060308711618504,-27.009362407696237,100855.23701279283,102992.0913256502
2024-09-20,568.25,0.1554628354112836,552.0,2024-10-03,0.03561643835616438,1.0,0.0,19.046325615035244,1904.6325615035244,68.44080883273978,2.8923694371385045,51.71418977095554,-30.921671433807486,100855.23701279283,102759.86957429636
2024-09-23,569.67,0.1522215441238772,552.0,2024-10-03,0.0273972602739726,1.0,0.0,19.09770658950486,1909.770658950486,79.34708317862041,2.5032767409537193,33.879642673816036,-25.78605761086741,100855.23701279283,102765.00767174331
2024-09-24,571.3,0.1491114889499977,552.0,2024-10-03,0.024657534246575342,1.0,0.0,20.129142897842122,2012.9142897842123,86.09784900117089,1.9966754075519164,23.960543714148244,-19.848846384823073,100855.23701279283,102868.15130257704
2024-09-25,570.04,0.1493994277844803,552.0,2024-10-03,0.021917808219178082,1.0,0.0,18.84702347903921,1884.7023479039208,85.7080313985843,2.163901684928291,23.024714009297522,-21.49924436181473,100855.23701279283,102739.93936069675
2024-09-26,572.3,0.14845289573122916,552.0,2024-10-03,0.019178082191780823,1.0,0.0,20.6675979278279,2066.75979278279,92.27697602477147,1.4234356200562162,13.273307941791348,-14.07472142779462,100855.23701279283,102921.99680557562
2024-09-27,571.47,0.1581021530992304,552.0,2024-10-03,0.01643835616438356,1.0,0.0,19.876298255067187,1987.6298255067188,91.46027863746266,1.5686514347086207,13.31402887153782,-17.541471925128718,100855.23701279283,102842.86683829955
2024-09-30,573.76,0.1555228522118984,552.0,2024-10-03,0.00821917808219178,1.0,0.0,21.77464652515559,2177.464652515559,99.4025623059977,0.22531978987188062,0.9481618473941076,-2.4576805810872395,100855.23701279283,103032.70166530838
2024-10-01,568.62,0.16284527796498033,569.0,2024-10-31,0.0821917808219178,1.0,0.0,21.1885707226578,2118.85707226578,0.7207640453095576,3.0054592588969458,130.0644675149827,-35.30064060974086,100401.4336675244,102520.29073979017
2024-10-02,568.86,0.1604238295007669,569.0,2024-10-31,0.07945205479452055,1.0,0.0,20.525312209342417,2052.531220934242,1.3697138594038039,3.1013388467643592,127.91869661728464,-35.381391682916544,100401.4336675244,102453.96488845863
2024-10-03,567.82,0.16986137118588246,569.0,2024-10-31,0.07671232876712329,1.0,0.0,21.355580584181496,2135.55805841815,-1.6437351360129193,2.9861388314285335,125.45591961154021,-38.05377594393226,100401.4336675244,102536.99172594254
2024-10-04,572.98,0.15414568018905175,569.0,2024-10-31,0.07397260273972603,1.0,0.0,19.362011973080712,1936.2011973080712,14.85141020476039,3.2637903788634355,122.18093441243852,-34.87715415025789,100401.4336675244,102337.63486483246
2024-10-07,567.8,0.17623977110003347,569.0,2024-10-31,0.06575342465753424,1.0,0.0,20.516050244247538,2051.6050244247535,-1.9242923658509603,3.108531240292452,116.13638673866798,-42.64135461501626,100401.4336675244,102453.03869194916
2024-10-08,573.17,0.1701862334604893,569.0,2024-10-31,0.06301369863013699,1.0,0.0,19.74837612650751,1974.837612650751,15.247827777842726,3.1987941529795076,112.69706194591893,-41.69454020573779,100401.4336675244,102376.27128017515
2024-10-09,577.14,0.1657238853733419,569.0,2024-10-31,0.06027397260273973,1.0,0.0,19.724462971707396,1972.4462971707396,28.82171024190654,3.173713326560116,105.59539249731418,-39.771997095858964,100401.4336675244,102373.87996469514
2024-10-10,576.13,0.16530583591871356,569.0,2024-10-31,0.057534246575342465,1.0,0.0,18.998787966098575,1899.8787966098575,26.153739134300146,3.3033915534331495,104.28351250604437,-41.044460017503056,100401.4336675244,102301.31246413426
2024-10-11,579.58,0.16265097076177032,569.0,2024-10-31,0.0547945205479452,1.0,0.0,19.44804238619369,1944.8042386193692,38.49802474368571,3.1862399300652773,95.38916515165378,-38.78785078017831,100401.4336675244,102346.23790614377
2024-10-14,584.32,0.15917761477181547,569.0,2024-10-31,0.04657534246575343,1.0,0.0,20.30904512512339,2030.904512512339,57.080903398157986,2.9081025276402452,73.61211000990464,-34.46294144028559,100401.4336675244,102432.33818003674
2024-10-15,579.78,0.1670373844632846,569.0,2024-10-31,0.043835616438356165,1.0,0.0,18.280745006958796,1828.0745006958796,42.05197098267346,3.3749626792732115,83.06847426819337,-43.36106460348337,100401.4336675244,102229.50816822027
2024-10-16,582.3,0.1603308219845035,569.0,2024-10-31,0.0410958904109589,1.0,0.0,18.547993912827508,1854.7993912827508,53.285437034629624,3.2364360854324348,72.3062816856555,-38.64308525768066,100401.4336675244,102256.23305880715
2024-10-17,582.35,0.15111754699914415,569.0,2024-10-31,0.038356164383561646,1.0,0.0,17.565317945194366,1756.5317945194365,57.53567120548495,3.365948966984705,66.16460944155406,-35.709405274871656,100401.4336675244,102157.96546204384
2024-10-18,584.59,0.14378423135088797,569.0,2024-10-31,0.03561643835616438,1.0,0.0,18.216936576697094,1821.6936576697094,68.73582610474833,3.0211640892384315,52.87359326726547,-29.23995756420481,100401.4336675244,102223.1273251941
2024-10-21,583.63,0.1460426071586195,569.0,2024-10-31,0.0273972602739726,1.0,0.0,16.737539398454388,1673.7539398454387,71.1897209486723,3.21681466888616,43.84175882002728,-32.013823802480935,100401.4336675244,102075.18760736984
2024-10-22,583.32,0.14501514422761883,569.0,2024-10-31,0.024657534246575342,1.0,0.0,16.150718523949166,1615.0718523949167,72.99344755941183,3.269670842916935,39.78146501094309,-32.049527145266026,100401.4336675244,102016.50551991932
2024-10-23,577.99,0.15386962057157802,569.0,2024-10-31,0.021917808219178082,1.0,0.0,12.798385308553975,1279.8385308553975,51.57896849886039,4.74464633625537,53.45575901810597,-51.40760848426047,100401.4336675244,101681.2721983798
2024-10-24,579.24,0.15266969887095833,569.0,2024-10-31,0.019178082191780823,1.0,0.0,12.940234600151896,1294.0234600151896,60.70079415099752,4.523572067378826,44.43821726434373,-48.459780343639856,100401.4336675244,101695.45712753959
2024-10-25,579.04,0.16007563454562615,569.0,2024-10-31,0.01643835616438356,1.0,0.0,12.620540112315595,1262.0540112315596,61.159010289332016,4.628477469362708,40.83559646702593,-54.47320013756921,100401.4336675244,101663.48767875596
2024-10-28,580.83,0.1567475221146694,569.0,2024-10-31,0.00821917808219178,1.0,0.0,12.368479368934963,1236.8479368934964,85.43718853942379,3.353328279160296,14.574820849837003,-38.07611755795284,100401.4336675244,101638.28160441789
2024-10-29,581.77,0.1511707631675489,569.0,2024-10-31,0.005479452054794521,1.0,0.0,12.884284024960346,1288.4284024960346,95.3300022846495,1.6954383974785416,4.753238389558584,-17.963766871671556,100401.4336675244,101689.86207002043
2024-10-30,580.01,0.15771960706119487,569.0,2024-10-31,0.0027397260273972603,1.0,0.0,11.042605070426546,1104.2605070426546,97.99612536802744,1.1151185443838227,1.6210067481828585,-12.783227368347289,100401.4336675244,101505.69417456705
2024-10-31,568.64,0.18514629512288983,569.0,2024-11-29,0.07945205479452055,1.0,0.0,23.684551050693244,2368.4551050693244,1.1143395648077314,2.688392681256592,127.8755975464257,-40.82016055576968,98068.97856245507,100437.4336675244
2024-11-01,571.04,0.1759583170612771,571.0,2024-11-29,0.07671232876712329,1.0,0.0,22.201955879009574,2220.1955879009574,2.0587079733975555,2.8660683986637387,126.15212725998693,-39.63842143994171,98071.06007460976,100291.25566251072
2024-11-04,569.81,0.17466894790029344,571.0,2024-11-29,0.0684931506849315,1.0,0.0,20.82460307238557,2082.460307238557,-1.8175278917013482,3.062372538045649,118.95453496734454,-41.555326941429485,98071.06007460976,100153.52038184831
2024-11-05,576.7,0.16706198593374275,571.0,2024-11-29,0.06575342465753424,1.0,0.0,20.137704385503838,2013.770438550384,19.995483856666784,3.127678965316992,114.26628006114635,-39.76989931724238,98071.06007460976,100084.83051316015
2024-11-06,591.04,0.15302525647845677,571.0,2024-11-29,0.06301369863013699,1.0,0.0,24.538415304254627,2453.8415304254627,64.09577667005564,2.3076478533911433,77.73227374708522,-25.85869810174201,98071.06007460976,100524.90160503522
2024-11-07,595.61,0.1471633875622198,571.0,2024-11-29,0.06027397260273973,1.0,0.0,27.1336641368175,2713.36641368175,76.43744512695048,1.8351822223854442,57.747441512854934,-19.314338900188393,98071.06007460976,100784.42648829152
2024-11-08,598.19,0.1453826705921073,571.0,2024-11-29,0.057534246575342465,1.0,0.0,28.91539364785322,2891.539364785322,82.34448999179361,1.5347248999228151,45.93544301005215,-15.900517570554593,98071.06007460976,100962.59943939508
2024-11-11,598.76,0.14469381789380162,571.0,2024-11-29,0.049315068493150684,1.0,0.0,28.919157661196323,2891.9157661196323,86.46815221675826,1.3596322323406107,34.78216635400003,-13.979901234382208,98071.06007460976,100962.9758407294
2024-11-12,596.9,0.14188782736613853,571.0,2024-11-29,0.04657534246575343,1.0,0.0,27.076572619026656,2707.6572619026656,85.68032010363014,1.4948965369088625,35.19779756679986,-14.688644190665851,98071.06007460976,100778.71733651243
2024-11-13,597.19,0.13758716470752524,571.0,2024-11-29,0.043835616438356165,1.0,0.0,27.0550698144298,2705.50698144298,88.38649658276077,1.3497951723668193,29.033404409955743,-12.48319935803991,98071.06007460976,100776.56705605274
2024-11-14,593.35,0.1404266789368934,571.0,2024-11-29,0.0410958904109589,1.0,0.0,23.708945234670445,2370.8945234670446,82.71094693646232,1.8658895949909882,37.91018081994206,-17.745335968138594,98071.06007460976,100441.9545980768
2024-11-15,585.75,0.15459508767615476,571.0,2024-11-29,0.038356164383561646,1.0,0.0,18.654190607881446,1865.4190607881446,60.88252460450971,3.1149343921491006,63.37301355901649,-34.98984495520821,98071.06007460976,99936.47913539791
2024-11-18,588.15,0.1514411950319139,571.0,2024-11-29,0.030136986301369864,1.0,0.0,19.137032427806446,1913.7032427806446,74.5199327324058,2.6981368523122486,42.59749152563897,-29.322795554566323,98071.06007460976,99984.7633173904
2024-11-19,590.3,0.1562245009108672,571.0,2024-11-29,0.0273972602739726,1.0,0.0,20.70952569608513,2070.952569608513,80.58683269856171,2.2498758045656397,33.55524338116613,-26.2107557508268,98071.06007460976,100142.01264421828
2024-11-20,590.5,0.15922946711857225,571.0,2024-11-29,0.024657534246575342,1.0,0.0,20.70549710773487,2070.5497107734873,82.47539654230347,2.156339550092547,29.520930278038808,-26.114455538981364,98071.06007460976,100141.60978538325
2024-11-21,593.67,0.15780254899505264,571.0,2024-11-29,0.021917808219178082,1.0,0.0,23.20947346385509,2320.9473463855093,90.66999186468716,1.4069828617842866,17.151027785027832,-16.91547438976477,98071.06007460976,100392.00742099527
2024-11-22,595.51,0.14803006770468644,571.0,2024-11-29,0.019178082191780823,1.0,0.0,24.687257835504564,2468.7257835504565,96.06444598300787,0.782365698921216,7.8766769199674975,-8.328464412505213,98071.06007460976,100539.78585816022
2024-11-25,597.53,0.14421059633857936,571.0,2024-11-29,0.010958904109589041,1.0,0.0,26.536544692620584,2653.6544692620582,99.74373938748617,0.09368501735461959,0.5286325130542106,-0.9529301243938693,98071.06007460976,100724.71454387181
2024-11-26,600.65,0.14146649680075496,571.0,2024-11-29,0.00821917808219178,1.0,0.0,29.650135503268135,2965.0135503268134,99.99229983652009,0.004179517719875079,0.017532793710465393,-0.04133838175583082,98071.06007460976,101036.07362493657
2024-11-27,598.83,0.14026732851410015,571.0,2024-11-29,0.005479452054794521,1.0,0.0,27.83000558949752,2783.0005589497523,99.99955351749428,0.00034392102350515574,0.0009478933580403153,-0.003323961726214361,98071.06007460976,100854.06063355951
2024-11-29,602.55,0.12840335561642394,603.0,2024-12-27,0.07671232876712329,1.0,0.0,17.10712488923423,1710.7124889234228,-0.25610477226849504,3.7233664105570248,133.1568456102695,-30.531760356529812,99515.34758568634,101226.06007460976
2024-12-02,603.63,0.12730535765618284,604.0,2025-01-01,0.0821917808219178,1.0,0.0,17.58498207882957,1758.4982078829569,0.11642621604805448,3.621661921038467,138.07803884917178,-29.29679020026354,99361.37837379155,101119.87658167451
2024-12-03,603.91,0.12662964818321165,604.0,2025-01-01,0.07945205479452055,1.0,0.0,17.199401722696223,1719.9401722696223,1.090815009547863,3.7011721441096,135.80765825881087,-29.65047583775699,99361.37837379155,101081.31854606117
2024-12-04,607.66,0.12582273993002682,604.0,2025-01-01,0.07671232876712329,1.0,0.0,17.09704749373003,1709.704749373003,15.13027999177005,3.699849856953351,131.86505008411703,-29.627896254631818,99361.37837379155,101071.08312316456
2024-12-05,606.66,0.11253825119719696,604.0,2025-01-01,0.07397260273972603,1.0,0.0,14.934675479997736,1493.4675479997736,12.622948318437727,4.243051414009504,129.9990197612191,-27.092337669032307,99361.37837379155,100854.84592179132
2024-12-06,607.81,0.10645063871395344,604.0,2025-01-01,0.07123287671232877,1.0,0.0,14.069687684139097,1406.9687684139099,18.620418222978902,4.494044724547729,125.89307089366413,-25.771918858253013,99361.37837379155,100768.34714220546
2024-12-09,604.68,0.11576767538146605,604.0,2025-01-01,0.06301369863013699,1.0,0.0,14.022849388737711,1402.2849388737711,4.2466637100239515,4.534129737997515,120.93929589230558,-30.43665466896413,99361.37837379155,100763.66331266532
2024-12-10,602.8,0.11613259854481861,604.0,2025-01-01,0.06027397260273973,1.0,0.0,13.75955615272926,1375.955615272926,-4.4256956034133985,4.635312156856455,117.89881327805463,-31.117944434842837,99361.37837379155,100737.33398906447
2024-12-11,607.46,0.1137559467812149,604.0,2025-01-01,0.057534246575342465,1.0,0.0,13.474797117757277,1347.4797117757275,17.645444598143413,4.695564237176711,113.40277905297549,-30.714858330457506,99361.37837379155,100708.85808556728
2024-12-12,604.33,0.1169192748881327,604.0,2025-01-01,0.0547945205479452,1.0,0.0,13.195420084935336,1319.5420084935336,2.6837174144175577,4.8213145723027155,112.80725223618464,-32.97335533394349,99361.37837379155,100680.92038228508
2024-12-13,604.21,0.11459908382716252,604.0,2025-01-01,0.052054794520547946,1.0,0.0,12.603466579973656,1260.3466579973656,2.1036503901723513,5.048817330329065,109.95306945470085,-33.1592658512976,99361.37837379155,100621.72503178891
2024-12-16,606.79,0.11255303022458357,604.0,2025-01-01,0.043835616438356165,1.0,0.0,11.599519968098065,1159.9519968098066,16.426308725251054,5.461285824708612,99.2101363473248,-34.89500460901721,99361.37837379155,100521.33037060135
2024-12-17,604.29,0.12073590376514942,604.0,2025-01-01,0.0410958904109589,1.0,0.0,11.80020487906927,1180.020487906927,2.5408194148317076,5.391861681636835,97.69321216646291,-39.31692754212797,99361.37837379155,100541.39886169847
2024-12-18,586.28,0.21708477246220081,604.0,2025-01-01,0.038356164383561646,1.0,0.0,24.9441590624549,2494.41590624549,-50.29354998327713,2.5417925822504928,72.7469514203383,-56.400912130010425,99361.37837379155,101855.79428003704
2024-12-19,586.1,0.19589480165935153,604.0,2025-01-01,0.03561643835616438,1.0,0.0,23.060905979171793,2306.0905979171794,-57.35332175693883,2.6840499411025593,64.32909393562319,-48.46821191324883,99361.37837379155,101667.46897170873
2024-12-20,591.15,0.16247347444330956,604.0,2025-01-01,0.03287671232876712,1.0,0.0,17.62965347991826,1762.965347991826,-52.553498138877416,3.5475801504099014,66.2214145586092,-44.83009710786667,99361.37837379155,101124.34372178337
2024-12-23,594.69,0.15353585750108772,604.0,2025-01-01,0.024657534246575342,1.0,0.0,13.842407358281406,1384.2407358281407,-47.27819168881596,4.556800796829006,61.009965414926604,-52.04009642273591,99361.37837379155,100745.61910961969
2024-12-24,601.3,0.14067727411485859,604.0,2025-01-01,0.021917808219178082,1.0,0.0,10.245094518544533,1024.5094518544533,-16.219710257766977,6.239172835164561,69.55534212508171,-61.15534956426805,99361.37837379155,100385.887825646
2024-12-26,601.34,0.14288881142245832,604.0,2025-01-01,0.01643835616438356,1.0,0.0,9.063713700840395,906.3713700840395,-18.327661746585378,7.050645059948573,59.88604720803576,-71.30871755287882,99361.37837379155,100267.7497438756
2024-12-27,595.01,0.1521367410691612,604.0,2025-01-01,0.0136986301369863,1.0,0.0,11.370964018285733,1137.0964018285733,-59.530857934213714,5.321924001186172,39.267065486545995,-59.73963374472444,99361.37837379155,100498.47477562013
2024-12-30,588.22,0.16207259699291018,604.0,2025-01-01,0.005479452054794521,1.0,0.0,15.848587406242803,1584.8587406242802,-97.22372534407504,1.0040017000365553,3.0850396079015883,-12.500009526964991,99361.37837379155,100946.23711441582
2024-12-31,586.08,0.16169005782234389,604.0,2025-01-01,0.0027397260273972603,1.0,0.0,17.92046563266863,1792.0465632668631,-99.96212135597288,0.029040237375336304,0.04418800724096903,-0.35723807229232163,99361.37837379155,101153.42493705841
2025-01-02,584.64,0.16511074897453193,585.0,2025-01-31,0.07945205479452055,1.0,0.0,21.71645731819791,2171.645731819791,0.8013303528028481,2.9322548832889175,131.47986529310862,-37.42886040278573,99125.73264197176,101297.37837379155
2025-01-03,591.95,0.1567375918985447,585.0,2025-01-31,0.07671232876712329,1.0,0.0,21.1311832739012,2113.11832739012,23.105900553767334,2.9737915569129756,125.29072167717241,-35.06743929091214,99125.73264197176,101238.85096936188
2025-01-06,595.36,0.15702208149471553,585.0,2025-01-31,0.0684931506849315,1.0,0.0,21.08865483958411,2108.865483958411,34.56437244730941,2.950179998416254,112.4645614107607,-35.31883905421581,99125.73264197176,101234.59812593016
2025-01-07,588.63,0.16928614140148812,585.0,2025-01-31,0.06575342465753424,1.0,0.0,20.52896863050961,2052.8968630509607,13.043280349585457,3.0807881794686196,118.81914080360127,-41.90507056517036,99125.73264197176,101178.62950502272
2025-01-08,589.49,0.1706928110642008,585.0,2025-01-31,0.06301369863013699,1.0,0.0,20.393868824953273,2039.3868824953274,15.84144862139867,3.096397178370254,115.73367653219586,-42.94544909146834,99125.73264197176,101165.11952446708
2025-01-10,580.49,0.1826418832075586,585.0,2025-01-31,0.057534246575342465,1.0,0.0,20.684907710578813,2068.4907710578814,-12.29853820171174,3.100139643968032,109.7735094595109,-47.7362868904472,99125.73264197176,101194.22341302964
2025-01-13,581.39,0.17919781985795058,585.0,2025-01-31,0.049315068493150684,1.0,0.0,18.739550577587664,1873.9550577587665,-10.790485018925516,3.4170713072600174,102.07080012471704,-50.80795792640532,99125.73264197176,100999.68769973052
2025-01-14,582.19,0.17634690908605938,585.0,2025-01-31,0.04657534246575343,1.0,0.0,17.86192393441695,1786.192393441695,-8.559835005604954,3.580309579191623,99.6721835022763,-51.69671024260277,99125.73264197176,100911.92503541346
2025-01-15,592.78,0.16676100481348238,585.0,2025-01-31,0.043835616438356165,1.0,0.0,17.564846575178564,1756.4846575178562,30.77849338317069,3.5646093515918977,91.56313384221646,-47.716125635623094,99125.73264197176,100882.21729948961
2025-01-16,591.64,0.16921283332687023,585.0,2025-01-31,0.0410958904109589,1.0,0.0,16.96511297644929,1696.511297644929,27.078861891013894,3.702778829361074,90.13106874046893,-50.837778374512176,99125.73264197176,100822.24393961669
2025-01-17,597.58,0.16610716357166322,585.0,2025-01-31,0.038356164383561646,1.0,0.0,18.516832554027985,1851.6832554027985,49.732392696655296,3.2785189039540863,74.5921857954145,-44.2510585967386,99125.73264197176,100977.41589737455
2025-01-21,603.05,0.147267500885251,585.0,2025-01-31,0.0273972602739726,1.0,0.0,19.52501101148726,1952.5011011487259,79.19120368774495,2.4576357537073643,36.06103709304789,-26.553094060117495,99125.73264197176,101078.23374312048
2025-01-22,606.44,0.1477476267242468,585.0,2025-01-31,0.024657534246575342,1.0,0.0,22.15957090189776,2215.957090189776,88.19561572503503,1.6716588401855126,22.3971875120242,-18.38406277888619,99125.73264197176,101341.68973216154
2025-01-23,609.75,0.1466371561351505,585.0,2025-01-31,0.021917808219178082,1.0,0.0,25.03019559568521,2503.019559568521,94.509138605597,0.954967730701554,11.411256474038847,-10.458213733011759,99125.73264197176,101628.75220154028
2025-01-24,607.97,0.14555137225340792,585.0,2025-01-31,0.019178082191780823,1.0,0.0,23.228448174739828,2322.844817473983,94.52424225633949,1.0291638450832699,10.618674301500155,-11.03973297210961,99125.73264197176,101448.57745944575
2025-01-27,599.37,0.1657851895606701,585.0,2025-01-31,0.010958904109589041,1.0,0.0,15.126510938071682,1512.6510938071683,84.05573993849471,2.850833103327525,18.60692698287213,-38.55941146246254,99125.73264197176,100638.38373577893
2025-01-28,604.52,0.15814502605240222,585.0,2025-01-31,0.00821917808219178,1.0,0.0,19.5844171251492,1958.4417125149203,97.83522898483955,0.6589480300901497,3.1300872156510264,-8.250128737757043,99125.73264197176,101084.17435448668
2025-01-29,601.81,0.15729744514393398,585.0,2025-01-31,0.005479452054794521,1.0,0.0,16.84400769599884,1684.400769599884,98.52677871905388,0.5817714086669251,1.8160590837177402,-7.1415363524808555,99125.73264197176,100810.13341157165
2025-01-30,605.04,0.1504238954831053,585.0,2025-01-31,0.0027397260273972603,1.0,0.0,20.040018844392435,2004.0018844392434,99.99814693809483,0.0017485071064206625,0.0026379073827487217,-0.01984021522183528,99125.73264197176,101129.734526411
2025-01-31,601.82,0.15434224942926658,602.0,2025-02-28,0.07671232876712329,1.0,0.0,20.52894291503594,2052.894291503594,1.1471989588096199,3.101066952997298,132.98246165430612,-36.65145047565499,98754.83835046817,100807.73264197176
2025-02-03,597.77,0.16842561246578192,598.0,2025-03-05,0.0821917808219178,1.0,0.0,23.033060065339612,2303.3060065339614,1.2906168534972506,2.763928440919857,136.71984313115328,-38.37853885931686,98588.08578934151,100891.39179587548
2025-02-04,601.78,0.15808959642055773,598.0,2025-03-05,0.07945205479452055,1.0,0.0,21.53992228917207,2153.992228917207,13.002155858090635,2.9358131678339885,133.5402971373571,-36.39884772470024,98588.08578934151,100742.07801825872
2025-02-05,604.22,0.1491786004719864,598.0,2025-03-05,0.07671232876712329,1.0,0.0,20.433454640024593,2043.3454640024593,21.368399392813135,3.08068191747421,128.70895015317822,-34.28682330726748,98588.08578934151,100631.43125334397
2025-02-06,606.32,0.14455624310589626,598.0,2025-03-05,0.07397260273972603,1.0,0.0,20.042847880316486,2004.2847880316485,28.94324496214551,3.1243692910747027,122.82135974658841,-32.8788784039344,98588.08578934151,100592.37057737316
2025-02-07,600.77,0.15297899585954644,598.0,2025-03-05,0.07123287671232877,1.0,0.0,19.649776725332572,1964.9776725332572,10.628367688428607,3.2239161351563883,126.79802836027689,-37.30275972216433,98588.08578934151,100553.06346187477
2025-02-10,604.85,0.14325008883816787,598.0,2025-03-05,0.06301369863013699,1.0,0.0,18.113087855083734,1811.3087855083734,26.216262897400423,3.468578799472816,114.54517677135125,-35.67088423582545,98588.08578934151,100399.39457484988
2025-02-11,605.31,0.14454056026212678,598.0,2025-03-05,0.06027397260273973,1.0,0.0,18.0228097582349,1802.2809758234898,28.12519414645407,3.481325013897267,111.12705832307157,-36.50538015977,98588.08578934151,100390.366765165
2025-02-12,603.36,0.14432733224057678,598.0,2025-03-05,0.057534246575342465,1.0,0.0,17.139087946375128,1713.9087946375128,21.673578597814608,3.678086161416352,111.1859582061585,-38.207554120255054,98588.08578934151,100301.99458397902
2025-02-13,609.73,0.13526828877422817,598.0,2025-03-05,0.0547945205479452,1.0,0.0,18.039243345002745,1803.9243345002747,47.086147809197115,3.3902966897928404,93.42131159225559,-31.59235238532095,98588.08578934151,100392.01012384178
2025-02-14,609.7,0.13666999001453822,598.0,2025-03-05,0.052054794520547946,1.0,0.0,17.833168540607147,1783.3168540607148,47.58651817238822,3.426201911257897,90.61064924758101,-32.58883296809927,98588.08578934151,100371.40264340222
2025-02-18,611.49,0.1347850352997101,598.0,2025-03-05,0.0410958904109589,1.0,0.0,17.34841808034807,1734.841808034807,59.3510878640263,3.383649961178905,70.08163391275009,-31.486518335971265,98588.08578934151,100322.92759737631
2025-02-19,612.93,0.13267751702624814,598.0,2025-03-05,0.038356164383561646,1.0,0.0,17.81572046357121,1781.572046357121,66.39592869818136,3.1539097073296287,60.29808497569283,-28.572143557188006,98588.08578934151,100369.65783569863
2025-02-20,610.38,0.13494158010697563,598.0,2025-03-05,0.03561643835616438,1.0,0.0,16.048778659498495,1604.8778659498496,58.62739207858694,3.6753580696629684,65.81070227408188,-34.15615443390132,98588.08578934151,100192.96365529136
2025-02-21,599.94,0.15642737425047576,598.0,2025-03-05,0.03287671232876712,1.0,0.0,13.64290020543524,1364.290020543524,10.214764024166257,4.650468314288638,86.082221108238,-56.106732573377286,98588.08578934151,99952.37580988504
2025-02-24,597.21,0.16125980893770814,598.0,2025-03-05,0.024657534246575342,1.0,0.0,12.090238833245053,1209.0238833245053,-3.1543244627466382,5.2719644063970055,74.76569895120294,-66.98167959980663,98588.08578934151,99797.10967266602
2025-02-25,594.24,0.16008725244897393,598.0,2025-03-05,0.021917808219178082,1.0,0.0,11.669304372966081,1166.930437296608,-20.07236546824851,5.485068764350009,67.96099273320772,-67.9980537522744,98588.08578934151,99755.01622663812
2025-02-26,594.54,0.15603092910081245,598.0,2025-03-05,0.019178082191780823,1.0,0.0,10.648328829596124,1064.8328829596126,-20.339513476502226,6.007865984981521,63.54746991182297,-70.82407694534045,98588.08578934151,99652.91867230112
2025-02-27,585.05,0.1733404518030173,598.0,2025-03-05,0.01643835616438356,1.0,0.0,15.203170821373519,1520.317082137352,-66.99425673355668,3.8187070750276475,37.24436921761862,-53.79963156083668,98588.08578934151,100108.40287147886
2025-02-28,594.18,0.16941098248528494,598.0,2025-03-05,0.0136986301369863,1.0,0.0,9.918564936233253,991.8564936233253,-24.593745819254227,6.448061290404407,52.83040217050101,-89.50050336797308,98588.08578934151,99579.94228296484
2025-03-03,583.77,0.19329029716317928,584.0,2025-04-02,0.0821917808219178,1.0,0.0,25.813508314658804,2581.35083146588,1.6434326734900473,2.4659365722872355,133.50695516813659,-43.009331729667295,97461.94039649781,100043.2912279637
2025-03-04,576.86,0.19913517807780948,584.0,2025-04-02,0.07945205479452055,1.0,0.0,26.613147369353243,2661.314736935324,-15.154539006054229,2.4195790559466417,127.38954546923664,-43.73748245218559,97461.94039649781,100123.25513343314
2025-03-05,583.06,0.19115308516197724,584.0,2025-04-02,0.07671232876712329,1.0,0.0,24.658539143711096,2465.8539143711096,-0.31553017057925903,2.584696305248684,128.84942869985343,-43.98208181667,97461.94039649781,99927.79431086892
2025-03-06,572.71,0.21243829143433623,584.0,2025-04-02,0.07397260273972603,1.0,0.0,28.16572702499056,2816.572702499056,-24.266098202065695,2.2988291488285046,118.4895165556255,-46.61427861103255,97461.94039649781,100278.51309899687
2025-03-07,575.92,0.20394533083556576,584.0,2025-04-02,0.07123287671232877,1.0,0.0,26.005081604929842,2600.508160492984,-18.092947824698406,2.479489396776633,119.47604203424409,-46.858809460765144,97461.94039649781,100062.4485569908
2025-03-10,560.58,0.23927227266501683,584.0,2025-04-02,0.06301369863013699,1.0,0.0,33.55050853645116,3355.050853645116,-48.52108422518484,1.9166933244789994,90.81449556021232,-47.23780596438931,97461.94039649781,100816.99125014292
2025-03-11,555.92,0.2322624092186618,584.0,2025-04-02,0.06027397260273973,1.0,0.0,35.04422327383473,3504.422327383473,-59.6650462837641,1.7751953771811095,76.80323241778602,-40.54205408439957,97461.94039649781,100966.36272388129
2025-03-12,558.87,0.21708534603338503,584.0,2025-04-02,0.057534246575342465,1.0,0.0,31.73407378421075,3173.407378421075,-58.702159923917165,1.9611069925692657,76.50323878201759,-39.54221919921183,97461.94039649781,100635.34777491889
2025-03-13,551.42,0.22088500558576693,584.0,2025-04-02,0.0547945205479452,1.0,0.0,36.5252363452485,3652.52363452485,-72.17979664891247,1.554496303973123,57.20817431307555,-31.59106975673806,97461.94039649781,101114.46403102267
2025-03-14,562.81,0.2090451841640405,584.0,2025-04-02,0.052054794520547946,1.0,0.0,28.058459564095244,2805.8459564095247,-54.73819330387988,2.241907621661039,77.27557186757437,-42.510753032733234,97461.94039649781,100267.78635290734
2025-03-17,567.15,0.20306471401975046,584.0,2025-04-02,0.043835616438356165,1.0,0.0,23.97683487369261,2397.683487369261,-49.54605692239923,2.6483910474701666,75.82973984343447,-48.119826360934674,97461.94039649781,99859.62388386707
2025-03-18,561.02,0.21020680604245165,584.0,2025-04-02,0.0410958904109589,1.0,0.0,27.51238964205369,2751.238964205369,-64.28215931538955,2.184341706164246,59.391245591347676,-41.614813475466775,97461.94039649781,100213.17936070319
2025-03-19,567.13,0.20177550516016657,584.0,2025-04-02,0.038356164383561646,1.0,0.0,22.92074839918135,2292.074839918135,-52.97088669577725,2.743306442180973,68.28780923557298,-49.21002573138867,97461.94039649781,99754.01523641594
2025-03-20,565.49,0.20118595993587501,584.0,2025-04-02,0.03561643835616438,1.0,0.0,23.323243854104277,2332.3243854104276,-59.30702500660527,2.6348055533244366,60.37353232751175,-46.71656560011551,97461.94039649781,99794.26478190823
2025-03-21,563.98,0.1955848155975991,584.0,2025-04-02,0.03287671232876712,1.0,0.0,23.518162748210486,2351.8162748210484,-66.58966610272859,2.5021559503781643,51.17587737977829,-41.705102251538655,97461.94039649781,99813.75667131886
2025-03-24,574.08,0.190021431340165,584.0,2025-04-02,0.024657534246575342,1.0,0.0,15.996675974241839,1599.667597424184,-42.40056208118721,3.983605340230003,61.51391525940354,-64.93867902738599,97461.94039649781,99061.60799392199
2025-03-25,575.46,0.18813307614322688,584.0,2025-04-02,0.021917808219178082,1.0,0.0,14.643873087275807,1464.3873087275806,-39.3430914664054,4.359869268726579,59.53413240758145,-70.00212165847796,97461.94039649781,98926.3277052254
2025-03-26,568.59,0.19639950080345742,584.0,2025-04-02,0.019178082191780823,1.0,0.0,18.106069686461126,1810.6069686461126,-66.77531703028995,3.224432452406744,39.264247017702814,-55.081989383574815,97461.94039649781,99272.54736514392
2025-03-27,567.08,0.19605641304510646,584.0,2025-04-02,0.01643835616438356,1.0,0.0,18.64678154660436,1864.678154660436,-75.27499241784427,2.8659864938327133,29.703131605001033,-48.52907865569367,97461.94039649781,99326.61855115824
2025-03-28,555.66,0.2137927024755306,584.0,2025-04-02,0.0136986301369863,1.0,0.0,28.589946755122934,2858.9946755122933,-95.17853420015578,0.8154268275151606,7.373493160571735,-15.763990294834729,97461.94039649781,100320.9350720101
2025-03-31,559.39,0.21586009778887227,584.0,2025-04-02,0.005479452054794521,1.0,0.0,24.629716081267198,2462.9716081267197,-99.27790886036232,0.24182098563828888,0.8950202974235753,-4.8299792231219625,97461.94039649781,99924.91200462454
2025-04-01,560.97,0.21173644640857742,561.0,2025-05-01,0.0821917808219178,1.0,0.0,27.166558109152277,2716.6558109152274,2.351066018576242,2.3420815628819027,128.26415317815116,-45.26365999257862,97048.32843704738,99764.98424796261
2025-04-02,564.52,0.2090211639657814,561.0,2025-05-01,0.07945205479452055,1.0,0.0,26.599952682208254,2659.9952682208254,10.788054701867257,2.376970493909007,125.79919201790226,-45.33567851989097,97048.32843704738,99708.32370526821
2025-04-03,536.7,0.28402426118158663,561.0,2025-05-01,0.07671232876712329,1.0,0.0,39.75352224648208,3975.352224648208,-39.942407093128466,1.647761210636254,103.41369868297403,-52.44999886515521,97048.32843704738,101023.68066169559
2025-04-04,505.28,0.40256332922656607,561.0,2025-05-01,0.07397260273972603,1.0,0.0,66.27651304382103,6627.651304382102,-63.22410885791108,0.961354252391877,73.08912776742993,-54.48704185985639,97048.32843704738,103675.97974142949
2025-04-07,504.38,0.4090655716674315,561.0,2025-05-01,0.06575342465753424,1.0,0.0,65.65973542602644,6565.973542602645,-66.38602173937589,0.9496147786367658,64.97921883755933,-55.37658604226947,97048.32843704738,103614.30197965003
2025-04-08,496.48,0.44198205265081036,561.0,2025-05-01,0.06301369863013699,1.0,0.0,72.52858395631263,7252.858395631263,-70.4316550753015,0.838402044715816,57.5566424251721,-55.302180353839724,97048.32843704738,104301.18683267865
2025-04-09,548.62,0.39871850099628603,561.0,2025-05-01,0.06027397260273973,1.0,0.0,44.435074551907036,4443.507455190704,-14.20765290459709,1.4621034634450258,105.75905991573565,-95.83657690086027,97048.32843704738,101491.83589223809
2025-04-10,524.58,0.45037599820501767,561.0,2025-05-01,0.057534246575342465,1.0,0.0,55.49731079171937,5549.731079171937,-42.951036507420206,1.1986655235485038,85.4718569900588,-91.65350692936725,97048.32843704738,102598.05951621932
2025-04-11,533.94,0.43080032353835884,561.0,2025-05-01,0.0547945205479452,1.0,0.0,49.21324985266051,4921.324985266051,-33.993363814328255,1.345232670295398,90.530615349638,-97.50154595687694,97048.32843704738,101969.65342231344
2025-04-14,539.12,0.39100950793908373,561.0,2025-05-01,0.04657534246575343,1.0,0.0,41.061154662224794,4106.11546622248,-33.22590485696386,1.599479195091141,84.66284475469381,-97.36463902428193,97048.32843704738,101154.44390326986
2025-04-15,537.61,0.3860145410621161,561.0,2025-05-01,0.043835616438356165,1.0,0.0,40.21444156815025,4021.444156815025,-37.34120306930207,1.6313728422583749,79.78452943190855,-96.24371410160961,97048.32843704738,101069.7725938624
2025-04-16,525.66,0.4021167877355989,561.0,2025-05-01,0.0410958904109589,1.0,0.0,46.01137632842941,4601.137632842941,-55.12066212683746,1.3976772976284426,63.82155355133718,-85.54572700786403,97048.32843704738,101649.46606989033
2025-04-17,526.41,0.38430806202118084,561.0,2025-05-01,0.038356164383561646,1.0,0.0,43.65444985602643,4365.444985602643,-58.08588140775082,1.453055080605831,59.35331843797535,-81.46413851222974,97048.32843704738,101413.77342265003
2025-04-21,513.88,0.4113583819313107,561.0,2025-05-01,0.0273972602739726,1.0,0.0,50.52981442709452,5052.9814427094525,-79.03186201642755,1.0382361256728154,30.899187067752777,-63.553197975918316,97048.32843704738,102101.30987975684
2025-04-22,527.25,0.39396200343993837,561.0,2025-05-01,0.024657534246575342,1.0,0.0,39.32301355751403,3932.301355751403,-66.8965553996856,1.5251881080260707,41.18703886296871,-90.14515747896533,97048.32843704738,100980.62979279879
2025-04-23,535.42,0.3829119338250925,561.0,2025-05-01,0.021917808219178082,1.0,0.0,32.74639307928422,3274.6393079284217,-57.333510484251434,1.9166200412778538,46.112771879231005,-110.35706658944804,97048.32843704738,100322.9677449758
2025-04-24,546.69,0.3733818035957638,561.0,2025-05-01,0.019178082191780823,1.0,0.0,25.641241861591226,2564.1241861591225,-36.43989474510553,2.522810407576938,53.99147578629822,-143.99596148489314,97048.32843704738,99612.45262320651
2025-04-25,550.64,0.3639902508515541,561.0,2025-05-01,0.01643835616438356,1.0,0.0,22.323168060573607,2232.3168060573607,-29.31398056695338,2.892953786344189,52.48378487270556,-159.19655017879245,97048.32843704738,99280.64524310475
2025-04-28,550.85,0.3639949461109383,561.0,2025-05-01,0.00821917808219178,1.0,0.0,16.821449896054673,1682.1449896054673,-40.858702378541544,3.8003858457225475,34.49992440387869,-209.29663540368776,97048.32843704738,98730.47342665285
2025-04-29,554.32,0.358086600439171,561.0,2025-05-01,0.005479452054794521,1.0,0.0,12.977920231200216,1297.7920231200214,-33.90923310737794,4.932178402760454,29.73617302274999,-266.20312769468825,97048.32843704738,98346.12046016741
2025-04-30,554.54,0.36121530933893464,561.0,2025-05-01,0.0027397260273972603,1.0,0.0,9.945186530514007,994.5186530514007,-45.357521358168015,6.344504973527805,19.307977433157653,-348.71685206136056,97048.32843704738,98042.84709009879
2025-05-01,558.47,0.3606696758862968,558.0,2025-05-30,0.07945205479452055,1.0,0.0,45.26340365515375,4526.340365515375,4.713797426259103,1.4028758089040132,125.38156503526223,-77.96780762652527,92774.988071532,97301.32843704738
2025-05-02,566.76,0.3364219748748748,558.0,2025-05-30,0.07671232876712329,1.0,0.0,42.377757690665106,4237.77576906651,16.926762120618566,1.4767314672404073,122.41917129740251,-73.54374887574599,92774.988071532,97012.76384059852
2025-05-05,563.51,0.319426424219618,558.0,2025-05-30,0.0684931506849315,1.0,0.0,37.65006527684878,3765.0065276848777,12.65984847923723,1.6723642081413266,116.18554596100692,-74.22546698465707,92774.988071532,96539.99459921688
2025-05-06,558.8,0.32696423622616,558.0,2025-05-30,0.06575342465753424,1.0,0.0,37.349181316492604,3734.9181316492604,4.7054703246723895,1.7000751337331865,114.1299268394456,-77.74250908251426,92774.988071532,96509.90620318126
2025-05-07,561.15,0.3169692687097118,558.0,2025-05-30,0.06301369863013699,1.0,0.0,35.60434320106435,3560.4343201064353,8.801284357463746,1.7761247798160837,111.7078099212348,-76.97378873890712,92774.988071532,96335.42239163844
2025-05-08,565.06,0.24116944352856073,558.0,2025-05-30,0.06027397260273973,1.0,0.0,27.11945086755327,2711.945086755327,19.118379575466044,2.3160406829740103,107.49478904929029,-58.919223766448546,92774.988071532,95486.93315828733
2025-05-09,564.34,0.21243306869947096,558.0,2025-05-30,0.057534246575342465,1.0,0.0,23.370837043956726,2337.0837043956726,19.52481976333554,2.691189396642163,104.7549330617608,-52.98431402789884,92774.988071532,95112.07177592767
2025-05-12,582.99,0.19918076639154028,558.0,2025-05-30,0.049315068493150684,1.0,0.0,29.2698694377885,2926.98694377885,68.87478705990617,1.8530567132780333,61.863994950958336,-34.2281053510396,92774.988071532,95701.97501531085
2025-05-13,586.84,0.19788136800302825,558.0,2025-05-30,0.04657534246575343,1.0,0.0,31.695868330781124,3169.5868330781122,77.03933934237956,1.5471396766158905,49.105473339201374,-28.579583061168822,92774.988071532,95944.57490461011
2025-05-14,587.59,0.19978046594263266,558.0,2025-05-30,0.043835616438356165,1.0,0.0,32.088120794775165,3208.8120794775164,79.09650362722314,1.4747540343976673,44.591134808696516,-27.83886777810043,92774.988071532,95983.80015100952
2025-05-15,590.46,0.18532148339670676,558.0,2025-05-30,0.0410958904109589,1.0,0.0,33.70930346425187,3370.9303464251866,87.24519945339591,1.126387280629404,29.90837824958818,-18.475550077344934,92774.988071532,96145.91841795719
2025-05-16,594.2,0.18150761537678095,558.0,2025-05-30,0.038356164383561646,1.0,0.0,36.83271450863248,3683.271450863248,92.59029947982955,0.766529341901512,18.841874254204132,-12.214084518249125,92774.988071532,96458.25952239525
2025-05-19,594.85,0.17326694650466018,558.0,2025-05-30,0.030136986301369864,1.0,0.0,37.05853523099552,3705.8535230995517,96.77345867774454,0.45059917381681097,8.325702062946297,-6.557131699792068,92774.988071532,96480.84159463155
2025-05-20,592.85,0.1684353311530828,558.0,2025-05-30,0.0273972602739726,1.0,0.0,35.019176955749636,3501.9176955749635,97.12532163417622,0.4417284484998462,7.164491117511726,-6.033767169607039,92774.988071532,96276.90576710696
2025-05-21,582.86,0.1914993682457083,558.0,2025-05-30,0.024657534246575342,1.0,0.0,25.986542161230034,2598.6542161230036,85.69587536305265,1.5576406691932065,24.986922647435723,-26.583221674379576,92774.988071532,95373.642287655
2025-05-22,583.09,0.1832944822886091,558.0,2025-05-30,0.021917808219178082,1.0,0.0,25.77488971659092,2577.488971659092,89.78210573628202,1.3262114134802936,18.11467146732383,-20.751995802696,92774.988071532,95352.4770431911
2025-05-23,579.11,0.18632573534738583,558.0,2025-05-30,0.019178082191780823,1.0,0.0,22.096314251617855,2209.6314251617855,85.34981595542577,1.8607657438259082,22.29933183798403,-29.678138589055337,92774.988071532,94984.61949669379
2025-05-27,591.15,0.1815541670061055,558.0,2025-05-30,0.00821917808219178,1.0,0.0,33.15107868831533,3315.107868831533,99.9559303821562,0.017052441812105745,0.08892350564090895,-0.2690738832316324,92774.988071532,96090.09594036354
2025-05-28,587.73,0.18477550897366152,558.0,2025-05-30,0.005479452054794521,1.0,0.0,29.730272261415585,2973.0272261415585,99.98564517142967,0.0072091804134720005,0.025212920314600092,-0.11646825459606504,92774.988071532,95748.01529767356
2025-05-29,590.05,0.18390308475044032,558.0,2025-05-30,0.0027397260273972603,1.0,0.0,32.050000005917994,3205.0000005917996,99.99999936274891,6.69805084111261e-07,1.1749576647717208e-06,-1.0803916950134662e-05,92774.988071532,95979.9880721238
2025-05-30,589.39,0.18022479251961782,589.0,2025-06-27,0.07671232876712329,1.0,0.0,23.466013597927486,2346.6013597927486,3.048683035196742,2.7100231299950908,130.15421128706032,-41.887528079937404,93567.38671173925,95913.988071532
2025-06-02,592.71,0.17676141549549396,593.0,2025-07-02,0.0821917808219178,1.0,0.0,23.969775884645287,2396.9775884645287,1.251453168201816,2.656089571907385,135.56359797338308,-39.93735577906211,93371.14917684534,95768.12676530988
2025-06-03,596.09,0.17180311665047673,593.0,2025-07-02,0.07945205479452055,1.0,0.0,23.10239701242199,2310.239701242199,10.464858177810976,2.7402337296158743,132.9068764969432,-39.368647597335915,93371.14917684534,95681.38887808754
2025-06-04,595.93,0.16936540660344956,593.0,2025-07-02,0.07671232876712329,1.0,0.0,22.370305254960726,2237.0305254960726,10.226732101891777,2.8307432221781714,130.6113294785461,-39.50185879312693,93371.14917684534,95608.17970234141
2025-06-05,593.05,0.175575933333429,593.0,2025-07-02,0.07397260273972603,1.0,0.0,22.59294855335861,2259.294855335861,2.0457197749903235,2.8164726452047963,128.65422217471072,-41.830713214094764,93371.14917684534,95630.4440321812
2025-06-06,599.14,0.1659285850099022,593.0,2025-07-02,0.07123287671232877,1.0,0.0,21.62730337939564,2162.7303379395644,20.107976635693813,2.9111095348934835,123.51419439205257,-39.412568277137076,93371.14917684534,95533.8795147849
2025-06-09,599.68,0.1680440980783947,593.0,2025-07-02,0.06301369863013699,1.0,0.0,20.773162913542876,2077.3162913542874,22.561329078441837,3.0271795555274013,115.27511046643515,-42.11152602004219,93371.14917684534,95448.46546819963
2025-06-10,603.08,0.14997156448001675,593.0,2025-07-02,0.06027397260273973,1.0,0.0,19.377013470403256,1937.7013470403256,36.60681373921575,3.2081124868549837,105.47224212632887,-35.94962991113788,93371.14917684534,95308.85052388567
2025-06-11,601.36,0.1516632253499677,593.0,2025-07-02,0.057534246575342465,1.0,0.0,18.600279703395017,1860.0279703395017,31.30630890878834,3.3627351497944624,106.11296651162047,-38.31770179191779,93371.14917684534,95231.17714718485
2025-06-12,603.75,0.15638105338043748,593.0,2025-07-02,0.0547945205479452,1.0,0.0,19.539192529374503,1953.9192529374504,38.93116277640247,3.17140242786877,99.05739602448979,-38.726749838582194,93371.14917684534,95325.0684297828
2025-06-13,597.0,0.1760299330792117,593.0,2025-07-02,0.052054794520547946,1.0,0.0,19.33178657883201,1933.178657883201,14.87081714923661,3.269769704097194,106.78569737382023,-49.46705042771191,93371.14917684534,95304.32783472854
2025-06-16,602.68,0.16671260087540052,593.0,2025-07-02,0.043835616438356165,1.0,0.0,18.40859698653128,1840.859698653128,36.97289284006493,3.3780006223237473,89.66621333716725,-46.714023862774,93371.14917684534,95212.00887549848
2025-06-17,597.53,0.1832878845943432,593.0,2025-07-02,0.0410958904109589,1.0,0.0,18.015278772253737,1801.5278772253737,17.676873219438566,3.505185304963012,94.26762490596559,-57.59371184915817,93371.14917684534,95172.67705407072
2025-06-18,597.44,0.18644471284612463,593.0,2025-07-02,0.038356164383561646,1.0,0.0,17.70101956863698,1770.101956863698,17.61095080584428,3.56799073456198,91.07465901977777,-60.6442451732185,93371.14917684534,95141.25113370904
2025-06-20,594.28,0.17133682722291074,593.0,2025-07-02,0.03287671232876712,1.0,0.0,14.74975886102169,1474.975886102169,6.768975756655671,4.306132750732606,85.6660506561609,-61.157288833932334,93371.14917684534,94846.12506294751
2025-06-23,600.15,0.16821165680657607,593.0,2025-07-02,0.024657534246575342,1.0,0.0,13.84496778938913,1384.496778938913,35.94682705976064,4.513370064877717,67.42582955657903,-63.01005834038871,93371.14917684534,94755.64595578426
2025-06-24,606.78,0.15425059887017636,593.0,2025-07-02,0.021917808219178082,1.0,0.0,16.036781866127995,1603.6781866127994,69.10160264331057,3.431887112261424,42.71884385818714,-41.18379530104326,93371.14917684534,94974.82736345814
2025-06-25,607.12,0.14173418197015195,593.0,2025-07-02,0.019178082191780823,1.0,0.0,15.444400738581166,1544.4400738581166,77.32271733435057,3.2250659705581204,32.31226928286609,-32.71252181718782,93371.14917684534,94915.58925070346
2025-06-26,611.87,0.14023696675536923,593.0,2025-07-02,0.01643835616438356,1.0,0.0,19.227128517092446,1922.7128517092447,92.00920036312972,1.5651217237412978,13.507884406967543,-15.785872804293982,93371.14917684534,95293.86202855459
2025-06-27,614.91,0.13874449264753602,593.0,2025-07-02,0.0136986301369863,1.0,0.0,21.99690051338498,2199.690051338498,97.50622745432037,0.6467154716966619,4.64760548550349,-6.448296651120872,93371.14917684534,95570.83922818385
2025-06-30,617.85,0.14108636109118813,593.0,2025-07-02,0.005479452054794521,1.0,0.0,24.850122532576222,2485.0122532576224,99.9917133080936,0.005348309148897072,0.01578355283453211,-0.055671100862866085,93371.14917684534,95856.16143010296
2025-07-01,617.65,0.14155068835476164,618.0,2025-07-31,0.0821917808219178,1.0,0.0,20.005261285312372,2000.5261285312372,0.5051333917281742,3.183191243600082,141.282378900459,-33.33102997626371,93835.62305128534,95836.14917981657
2025-07-02,620.45,0.14022326120689255,618.0,2025-07-31,0.07945205479452055,1.0,0.0,19.624622566623827,1962.4622566623827,9.541004892531113,3.2302842853476426,138.54138318707655,-33.49435269414762,93835.62305128534,95798.08530794772
2025-07-03,625.34,0.139454077745021,618.0,2025-07-31,0.07671232876712329,1.0,0.0,20.045459945688975,2004.5459945688976,25.48186178441252,3.1334583860438996,131.08492043718203,-32.64344051044049,93835.62305128534,95840.16904585423
2025-07-07,620.68,0.14893673669218707,618.0,2025-07-31,0.06575342465753424,1.0,0.0,18.99237619470881,1899.237619470881,10.533170553414978,3.336604844878942,125.88108865692772,-39.05899699129729,93835.62305128534,95734.86067075621
2025-07-08,620.34,0.1414977482787923,618.0,2025-07-31,0.06301369863013699,1.0,0.0,17.645864808804106,1764.5864808804106,9.881079340556532,3.5933194245767894,123.29341924598143,-37.92552434978148,93835.62305128534,95600.20953216574
2025-07-09,624.06,0.1366930750538145,618.0,2025-07-31,0.06027397260273973,1.0,0.0,17.326096197364166,1732.6096197364166,24.15761786006614,3.633815053248705,116.59819921800884,-36.22310544737931,93835.62305128534,95568.23267102175
2025-07-10,625.82,0.13539235460170526,618.0,2025-07-31,0.057534246575342465,1.0,0.0,17.307001659852602,1730.7001659852604,31.33687259887845,3.6190213703269825,110.41055564653905,-35.59225024254174,93835.62305128534,95566.32321727059
2025-07-11,623.62,0.1392862146634709,618.0,2025-07-31,0.0547945205479452,1.0,0.0,16.767857790033645,1676.7857790033645,23.120861276448316,3.7581973387385705,111.54880383193444,-38.84302658997058,93835.62305128534,95512.4088302887
2025-07-14,624.81,0.1439608645424696,618.0,2025-07-31,0.04657534246575343,1.0,0.0,16.35190495324383,1635.1904953243832,28.733102287404733,3.8407750227659956,100.53454464507332,-42.56776459849489,93835.62305128534,95470.81354660972
2025-07-15,622.14,0.14137891678302306,618.0,2025-07-31,0.043835616438356165,1.0,0.0,15.015043143702002,1501.5043143702,18.99493652306945,4.209285868642101,100.97094923802594,-44.60988571820537,93835.62305128534,95337.12736565554
2025-07-16,624.22,0.13844760257793987,618.0,2025-07-31,0.0410958904109589,1.0,0.0,14.784497449981046,1478.4497449981045,28.924797600094855,4.251617083631018,94.25693998070017,-43.4988245555357,93835.62305128534,95314.07279628344
2025-07-17,628.04,0.13152024260773545,618.0,2025-07-31,0.038356164383561646,1.0,0.0,15.230936303349495,1523.0936303349495,47.687009930615474,4.022607628619119,80.04054834696076,-37.59625834660164,93835.62305128534,95358.71668162028
2025-07-18,627.58,0.13097126301694748,618.0,2025-07-31,0.03561643835616438,1.0,0.0,14.586516086141842,1458.6516086141842,47.437827096218314,4.205253928433436,77.26039396726804,-38.91881299646171,93835.62305128534,95294.27465989951
2025-07-21,628.77,0.13030134816343722,618.0,2025-07-31,0.0273972602739726,1.0,0.0,13.996064833440926,1399.6064833440926,58.31215327036781,4.2317928515390575,59.726088035657924,-38.91194895787182,93835.62305128534,95235.22953462943
2025-07-22,628.86,0.12772756043319025,618.0,2025-07-31,0.024657534246575342,1.0,0.0,13.519485310760103,1351.9485310760103,62.036880918662085,4.300427137429515,53.56163169285422,-38.00720304971842,93835.62305128534,95187.57158236134
2025-07-23,634.21,0.11952723977391864,618.0,2025-07-31,0.021917808219178082,1.0,0.0,16.915823777992046,1691.5823777992046,85.89838061124202,2.4061310009593595,25.354173202440943,-18.940714622735133,93835.62305128534,95527.20542908454
2025-07-24,634.42,0.11967854657920173,618.0,2025-07-31,0.019178082191780823,1.0,0.0,16.92300734924256,1692.300734924256,88.8273056227528,2.142119814420943,19.78877777563477,-16.916372591191273,93835.62305128534,95527.92378620959
2025-07-25,637.1,0.11581460027028061,618.0,2025-07-31,0.01643835616438356,1.0,0.0,19.23828684936121,1923.828684936121,96.03419668207447,1.0161878016284294,7.85255317463511,-7.578669225179069,93835.62305128534,95759.45173622145
2025-07-28,636.94,0.11621914860766949,618.0,2025-07-31,0.00821917808219178,1.0,0.0,18.948074009749437,1894.8074009749437,99.58990595402489,0.19327098887359764,0.7489792666733204,-1.4507622116261658,93835.62305128534,95730.43045226028
2025-07-29,635.26,0.12222558168984815,618.0,2025-07-31,0.005479452054794521,1.0,0.0,17.26369834288867,1726.369834288867,99.77046945852575,0.132935789077283,0.35928921616152887,-1.0978583360058112,93835.62305128534,95561.9928855742
2025-07-30,634.46,0.11938784213219619,618.0,2025-07-31,0.0027397260273972603,1.0,0.0,16.460021968406384,1646.0021968406384,99.99744055435053,0.0028569982591212214,0.003761713430665556,-0.02245514246034308,93835.62305128534,95481.62524812597
2025-07-31,632.08,0.12732256381588203,632.0,2025-08-29,0.07945205479452055,1.0,0.0,18.097640705202366,1809.7640705202366,1.713023303055583,3.5164946670652073,142.1230664607972,-31.199091722696014,93433.8589807651,95243.62305128534
2025-08-01,621.72,0.15707863875628844,622.0,2025-08-29,0.07671232876712329,1.0,0.0,21.585961633661157,2158.5961633661154,0.9098571336522143,2.9496281703202234,137.38497685378917,-38.53615205313822,93603.84817990239,95762.44434326851
2025-08-04,631.17,0.14447628368931523,622.0,2025-08-29,0.0684931506849315,1.0,0.0,20.30059045055188,2030.059045055188,31.52312402517476,3.0788332900922097,121.37313692535092,-35.07107952537821,93603.84817990239,95633.90722495757
2025-08-05,627.97,0.1473125823664652,622.0,2025-08-29,0.06575342465753424,1.0,0.0,19.43472378708273,1943.472378708273,21.419657046527146,3.2416384069104125,123.82278919040984,-38.00136423220354,93603.84817990239,95547.32055861066
2025-08-06,632.78,0.14136526505356,622.0,2025-08-29,0.06301369863013699,1.0,0.0,19.805245813637697,1980.5245813637698,38.42978626041316,3.132678847221246,111.73752469581484,-34.338706076201234,93603.84817990239,95584.37276126616
2025-08-07,632.25,0.14009159951315958,622.0,2025-08-29,0.06027397260273973,1.0,0.0,19.11599617298407,1911.5996172984069,37.758121807889,3.250272674828088,109.70827413731958,-34.93001728119386,93603.84817990239,95515.44779720079
2025-08-08,637.18,0.13234731860052767,622.0,2025-08-29,0.057534246575342465,1.0,0.0,20.336407204277037,2033.6407204277039,56.191029082812015,2.920337655730524,90.28153128302965,-28.448853772520554,93603.84817990239,95637.48890033009
2025-08-11,635.92,0.1391487508706627,622.0,2025-08-29,0.049315068493150684,1.0,0.0,19.32187875212989,1932.1878752129892,53.56487054998171,3.1067827434665425,86.21340638270811,-33.32357724016292,93603.84817990239,95536.03605511537
2025-08-12,642.69,0.1314448784619694,622.0,2025-08-29,0.04657534246575343,1.0,0.0,22.90186266503808,2290.186266503808,75.70719293102499,2.2132569932286987,55.96733869840155,-21.637117744268433,93603.84817990239,95894.0344464062
2025-08-13,644.89,0.13001173988282172,622.0,2025-08-29,0.043835616438356165,1.0,0.0,24.369600101786318,2436.960010178632,82.0168410926693,1.8488730259277788,43.821582816382914,-17.804125707428454,93603.84817990239,96040.80819008102
2025-08-14,644.95,0.13156999918869391,622.0,2025-08-29,0.0410958904109589,1.0,0.0,24.306618407056483,2430.6618407056485,82.98709028859899,1.8102105860082596,40.71331459817309,-17.855502562168912,93603.84817990239,96034.51002060804
2025-08-15,643.44,0.13335632673979736,622.0,2025-08-29,0.038356164383561646,1.0,0.0,22.952257795662,2295.2257795662,81.00094763557016,2.0114484848994496,42.59649070917882,-20.287541189221407,93603.84817990239,95899.07395946859
2025-08-18,643.3,0.13279364796983595,622.0,2025-08-29,0.030136986301369864,1.0,0.0,22.234450274945367,2223.4450274945366,85.90120169884499,1.820582012502768,30.151885317622725,-18.1999038386148,93603.84817990239,95827.29320739693
2025-08-19,639.81,0.13727145768405977,622.0,2025-08-29,0.0273972602739726,1.0,0.0,19.282991802274353,1928.2991802274353,79.01058719582115,2.5007242152540807,38.49951228648837,-26.424420858458138,93603.84817990239,95532.14736012982
2025-08-20,638.11,0.13672296081985158,622.0,2025-08-29,0.024657534246575342,1.0,0.0,17.655706765117586,1765.5706765117586,77.0547133252913,2.8288725044594742,38.83252007892057,-29.496095118257536,93603.84817990239,95369.41885641415
2025-08-21,635.55,0.14262348672039515,622.0,2025-08-29,0.021917808219178082,1.0,0.0,15.676503298359862,1567.6503298359862,69.7550273741721,3.493773001009879,44.11459560999167,-39.323609007232804,93603.84817990239,95171.49850973838
2025-08-22,645.31,0.13316485220473015,622.0,2025-08-29,0.019178082191780823,1.0,0.0,23.51106059759715,2351.106059759715,95.49551908311562,0.8997201625163767,9.568393565567622,-9.101240821396454,93603.84817990239,95954.9542396621
2025-08-25,642.47,0.13711092518698081,622.0,2025-08-29,0.010958904109589041,1.0,0.0,20.545543030792423,2054.5543030792423,97.63696098409045,0.6683429474854782,4.145188305384469,-7.10438254531897,93603.84817990239,95658.40248298163
2025-08-26,645.16,0.13614051728467733,622.0,2025-08-29,0.00821917808219178,1.0,0.0,23.166830041842903,2316.6830041842904,99.70041473249154,0.12240678022437139,0.5701066772639758,-1.2935769658361043,93603.84817990239,95920.53118408668
2025-08-27,646.63,0.13746567194118897,622.0,2025-08-29,0.005479452054794521,1.0,0.0,24.6302049294773,2463.02049294773,99.98673382428831,0.00817697486654228,0.025753469923296333,-0.08850545119557825,93603.84817990239,96066.86867285012
2025-08-28,648.92,0.1345459654224934,622.0,2025-08-29,0.0027397260273972603,1.0,0.0,26.920000001262363,2692.000000126236,99.99999982536131,2.360799608894982e-07,3.6645382434339785e-07,-2.4652441789523637e-06,93603.84817990239,96295.84818002862
2025-08-29,645.05,0.13827061506269506,645.0,2025-09-26,0.07671232876712329,1.0,0.0,19.708493906529327,1970.8493906529327,1.6891944846960383,3.2291399096128646,142.51765995658502,-35.189293749094716,93937.99878924945,95908.84817990239
2025-09-02,640.27,0.1415319815096152,640.0,2025-10-02,0.0821917808219178,1.0,0.0,20.724023921108085,2072.4023921108083,2.44776138436828,3.069754849438188,146.39052829222555,-34.53156923906345,93764.50644698762,95836.90883909843
2025-09-03,643.74,0.13613697647267659,640.0,2025-10-02,0.07945205479452055,1.0,0.0,19.877285479337672,1987.7285479337672,13.580016651768718,3.1830908570437715,142.67611029295634,-33.48878322442276,93764.50644698762,95752.2349949214
2025-09-04,649.12,0.13009560236402762,640.0,2025-10-02,0.07671232876712329,1.0,0.0,19.94039673660086,1994.039673660086,31.870789794169795,3.1353972126083103,131.84702409526577,-30.6298536063894,93764.50644698762,95758.5461206477
2025-09-05,647.24,0.1297274156531874,640.0,2025-10-02,0.07397260273972603,1.0,0.0,19.031164880473227,1903.1164880473227,26.347763847775262,3.3016037640993985,132.7267057931133,-31.885726908706534,93764.50644698762,95667.62293503495
2025-09-08,648.83,0.12810056690551783,640.0,2025-10-02,0.06575342465753424,1.0,0.0,18.33703836125804,1833.7038361258037,33.540177754554676,3.4078327530500307,120.83967427637614,-32.249230790587305,93764.50644698762,95598.21028311343
2025-09-09,650.33,0.1274738048916786,640.0,2025-10-02,0.06301369863013699,1.0,0.0,18.491273016957706,1849.1273016957707,39.44110120603621,3.3555667349604517,113.9959384829272,-31.590208740470548,93764.50644698762,95613.6337486834
2025-09-10,652.21,0.12668893030935477,640.0,2025-10-02,0.06027397260273973,1.0,0.0,18.905062207049752,1890.5062207049752,46.68188712538703,3.239107127014412,105.21283038191717,-30.29386576341971,93764.50644698762,95655.0126676926
2025-09-11,657.63,0.12430567073138099,640.0,2025-10-02,0.057534246575342465,1.0,0.0,21.43468227990094,2143.468227990094,64.57086655472546,2.649634885609639,81.95333629802408,-24.255391517143607,93764.50644698762,95907.97467497771
2025-09-12,657.41,0.12463305682022621,640.0,2025-10-02,0.0547945205479452,1.0,0.0,21.07370029799543,2107.370029799543,64.99857660823061,2.6880933113532253,79.33911106574621,-24.72068984380847,93764.50644698762,95871.87647678716
2025-09-15,660.91,0.13036348750907967,640.0,2025-10-02,0.04657534246575343,1.0,0.0,23.216062412770555,2321.6062412770552,75.26410192774095,2.1977906035465327,58.28851427005441,-22.349100005785434,93764.50644698762,96086.11268826468
2025-09-16,660.0,0.13452649847995565,640.0,2025-10-02,0.043835616438356165,1.0,0.0,22.549448478896863,2254.9448478896866,73.15344602285796,2.3268190493645005,59.77030035740576,-25.127153813053244,93764.50644698762,96019.4512948773
2025-09-17,659.18,0.1295096250568058,640.0,2025-10-02,0.0410958904109589,1.0,0.0,21.408096805765496,2140.8096805765495,74.48104684095212,2.413244232972028,55.80970948497455,-24.09298183309437,93764.50644698762,95905.31612756418
2025-09-18,662.26,0.1290908249683077,640.0,2025-10-02,0.038356164383561646,1.0,0.0,23.599421406855896,2359.9421406855895,82.77418750511538,1.8772148394036632,40.76632623838842,-18.79485244657403,93764.50644698762,96124.4485876732
2025-09-19,663.7,0.12646697609565147,640.0,2025-10-02,0.03561643835616438,1.0,0.0,24.563938240025493,2456.393824002549,87.53258258566908,1.5496027133657087,30.74621259072807,-14.95530974132087,93764.50644698762,96220.90027099017
2025-09-22,666.84,0.12452161971614593,640.0,2025-10-02,0.0273972602739726,1.0,0.0,27.07283531318722,2707.283531318722,95.48779026989811,0.7801458890041398,11.835074787962647,-7.368613410294156,93764.50644698762,96471.78997830635
2025-09-23,663.21,0.12827837445280066,640.0,2025-10-02,0.024657534246575342,1.0,0.0,23.61541065168695,2361.5410651686952,92.46921952641812,1.2281311129981543,17.086375976939188,-12.176736308950794,93764.50644698762,96126.04751215632
2025-09-24,661.1,0.12601342079606218,640.0,2025-10-02,0.021917808219178082,1.0,0.0,21.503645420353102,2150.36454203531,91.95406940004295,1.403920703953893,16.9469214622248,-13.347122158857191,93764.50644698762,95914.87098902294
2025-09-25,658.05,0.13047688786709544,640.0,2025-10-02,0.019178082191780823,1.0,0.0,18.678099286524606,1867.8099286524607,87.84448611609955,2.0239818111461605,21.931238466842082,-20.439426730176322,93764.50644698762,95632.31637564009
2025-09-26,661.82,0.12233992762360209,640.0,2025-10-02,0.01643835616438356,1.0,0.0,21.93904431614292,2193.9044316142918,96.8063117881659,0.7698689761551487,6.7814599099269905,-6.913694288023558,93764.50644698762,95958.41087860192
2025-09-29,663.68,0.12556853156316544,640.0,2025-10-02,0.00821917808219178,1.0,0.0,23.68283683729689,2368.283683729689,99.86122252892918,0.06368153698645727,0.2894944241118814,-0.6058564955242197,93764.50644698762,96132.79013071732
2025-09-30,666.18,0.12344577521229369,640.0,2025-10-02,0.005479452054794521,1.0,0.0,26.18001428800893,2618.001428800893,99.99887685586427,0.0008488142973697827,0.0025480575289336758,-0.007863673423618475,93764.50644698762,96382.50787578852
2025-10-01,668.45,0.12309498690414603,668.0,2025-10-31,0.0821917808219178,1.0,0.0,18.81801721583338,1881.801721583338,2.9297811674988905,3.3800541542661593,152.8024333849177,-31.348689227396815,94727.70472540517,96609.50644698851
2025-10-02,669.22,0.12324406280938852,668.0,2025-10-31,0.07945205479452055,1.0,0.0,18.55701605560779,1855.701605560779,5.5722645087668,3.4236688334673566,150.14148695173466,-31.90352904857684,94727.70472540517,96583.40633096595
2025-10-03,669.21,0.12255290009073853,668.0,2025-10-31,0.07671232876712329,1.0,0.0,18.13266481039591,1813.2664810395909,5.603556211562405,3.503875517034205,147.52386167797738,-32.28478050218053,94727.70472540517,96540.97120644477
2025-10-06,671.61,0.12101170460860461,668.0,2025-10-31,0.0684931506849315,1.0,0.0,17.169180192547344,1716.9180192547344,14.756720654039146,3.6868740195552516,137.83741786462207,-33.35988178929289,94727.70472540517,96444.62274465991
2025-10-07,669.12,0.12747504938556165,668.0,2025-10-31,0.06575342465753424,1.0,0.0,17.458836318742442,1745.8836318742442,5.3891001114661385,3.6396493446406426,136.5875555709163,-36.273969566366034,94727.70472540517,96473.58835727941
2025-10-08,673.11,0.12260987580776592,668.0,2025-10-31,0.06301369863013699,1.0,0.0,16.96858813568838,1696.8588135688378,20.743882274154736,3.720427051474103,130.23427686186022,-34.713061982493215,94727.70472540517,96424.563538974
2025-10-09,671.16,0.122023718871725,668.0,2025-10-31,0.06027397260273973,1.0,0.0,16.202420188725284,1620.2420188725284,13.696621506902368,3.9096900239631736,129.5294525322948,-35.92196704865725,94727.70472540517,96347.9467442777
2025-10-10,653.02,0.17666954569178328,668.0,2025-10-31,0.057534246575342465,1.0,0.0,25.454748805163774,2545.474880516377,-39.276486382409615,2.5264683236860894,109.51029407843305,-46.06460453192941,94727.70472540517,97273.17960592156
2025-10-13,663.04,0.16534333397357429,668.0,2025-10-31,0.049315068493150684,1.0,0.0,19.896548459168343,1989.6548459168343,-14.647113609630669,3.2219784922850603,115.49639451571095,-53.0459970309858,94727.70472540517,96717.35957132201
2025-10-14,662.23,0.17601388836465298,668.0,2025-10-31,0.04657534246575343,1.0,0.0,20.680790578210747,2068.0790578210745,-16.585330293287328,3.103029765258418,111.55952017105813,-57.75301449824375,94727.70472540517,96795.78378322624
2025-10-15,665.17,0.1752948923461162,668.0,2025-10-31,0.043835616438356165,1.0,0.0,19.64927501013574,1964.9275010135739,-7.753308521726798,3.2528771384616357,110.59343516846741,-60.58270097513648,94727.70472540517,96692.63222641875
2025-10-16,660.64,0.20390455488475676,668.0,2025-10-31,0.0410958904109589,1.0,0.0,22.690636215988775,2269.0636215988775,-19.536980772873928,2.8337567530467447,103.63766534806751,-70.4406400736436,94727.70472540517,96996.76834700405
2025-10-17,664.39,0.17728356963468953,668.0,2025-10-31,0.038356164383561646,1.0,0.0,18.678925550550616,1867.8925550550616,-11.032087888121755,3.4257279618387546,102.82594409343908,-65.10482292836393,94727.70472540517,96595.59728046024
2025-10-20,671.3,0.1636243092797378,668.0,2025-10-31,0.030136986301369864,1.0,0.0,15.404284842186826,1540.4284842186826,14.888072515261364,4.11127071164243,91.36019454149849,-67.94885785234165,94727.70472540517,96268.13320962386
2025-10-21,671.29,0.16077719778129923,668.0,2025-10-31,0.0273972602739726,1.0,0.0,14.459980336827982,1445.9980336827982,15.689551127714601,4.379709955575893,86.93552804866185,-69.88625293650696,94727.70472540517,96173.70275908797
2025-10-22,667.8,0.16553750004400433,668.0,2025-10-31,0.024657534246575342,1.0,0.0,13.852855592625247,1385.2855592625247,0.11785384502350227,4.596443841301981,83.66827688030853,-76.94576326531022,94727.70472540517,96112.9902846677
2025-10-23,671.76,0.1576862822929661,668.0,2025-10-31,0.021917808219178082,1.0,0.0,12.83618063970414,1283.618063970414,19.90427724391624,4.928693985955068,76.86898939648111,-75.75740725967836,94727.70472540517,96011.32278937558
2025-10-24,677.25,0.15266098216990048,668.0,2025-10-31,0.019178082191780823,1.0,0.0,13.664951856653829,1366.495185665383,49.14307021026663,4.478833950050858,60.14454125098069,-65.58374813952005,94727.70472540517,96094.19991107055
2025-10-27,685.24,0.1511930159419494,668.0,2025-10-31,0.010958904109589041,1.0,0.0,17.726247172987982,1772.6247172987983,89.42986550351644,1.9876202003475654,15.463851547612345,-29.22532941952615,94727.70472540517,96500.32944270397
2025-10-28,687.06,0.1549049029592146,668.0,2025-10-31,0.00821917808219178,1.0,0.0,19.220140321039267,1922.0140321039266,95.56017187965047,1.0962205729382755,6.588413261088748,-17.00962528106925,94727.70472540517,96649.7187575091
2025-10-29,687.39,0.15785310242940592,668.0,2025-10-31,0.005479452054794521,1.0,0.0,19.42715242414637,1942.715242414637,98.58971120187157,0.4883775045184818,1.9959622546894942,-7.876720855868218,94727.70472540517,96670.4199678198
2025-10-30,679.83,0.1605084784955726,668.0,2025-10-31,0.0027397260273972603,1.0,0.0,11.905396366645967,1190.5396366645966,96.37119997249827,1.5606987654883357,3.171939179907659,-25.456156582373634,94727.70472540517,95918.24436206977
2025-10-31,682.06,0.16377840918835668,682.0,2025-11-28,0.07671232876712329,1.0,0.0,24.68290969317161,2468.290969317161,1.9642097687200044,2.5780813914225833,150.68277194609774,-44.06890121682827,93665.413756088,96133.70472540517
2025-11-03,683.34,0.16204701239891198,683.0,2025-12-03,0.0821917808219178,1.0,0.0,25.322695470319786,2532.2695470319786,2.707605478200281,2.5118739271610613,156.22155036561207,-42.19205918178932,93445.46298136936,95977.73252840134
2025-11-04,675.24,0.17547899874888964,683.0,2025-12-03,0.07945205479452055,1.0,0.0,27.510883060642414,2751.0883060642414,-16.343149952134397,2.338642479579395,148.66558276251683,-44.97877174411488,93445.46298136936,96196.5512874336
2025-11-05,677.58,0.16916811004850257,683.0,2025-12-03,0.07671232876712329,1.0,0.0,25.796641828033444,2579.6641828033444,-11.65639643574154,2.486340612943524,148.13764809362482,-44.750296348265486,93445.46298136936,96025.1271641727
2025-11-06,670.31,0.17999015434238952,683.0,2025-12-03,0.07397260273972603,1.0,0.0,28.342574616949406,2834.2574616949405,-28.013009501072638,2.2800861279621585,136.40248999176993,-45.46500967834244,93445.46298136936,96279.7204430643
2025-11-07,670.97,0.1624257596762765,683.0,2025-12-03,0.07123287671232877,1.0,0.0,25.35402489695096,2535.402489695096,-30.216766346953822,2.543956920078505,132.51082204251136,-41.390713337659214,93445.46298136936,95980.86547106446
2025-11-10,681.44,0.1537041871266323,683.0,2025-12-03,0.06301369863013699,1.0,0.0,21.03790351937306,2103.790351937306,-3.188536878130938,3.0322310272383453,136.37607997777678,-45.56864025326255,93445.46298136936,95549.25333330667
2025-11-11,683.0,0.15164090066160638,683.0,2025-12-03,0.06027397260273973,1.0,0.0,20.28695886902483,2028.695886902483,1.4851360811877656,3.1373491481919107,133.76744498892168,-46.1013996302772,93445.46298136936,95474.15886827184
2025-11-12,683.38,0.15284134138229677,683.0,2025-12-03,0.057534246575342465,1.0,0.0,19.9853276211291,1998.5327621129102,2.6725986060832927,3.182951448215555,130.7139124237008,-47.56783264801548,93445.46298136936,95443.99574348227
2025-11-13,672.04,0.17314592966080108,683.0,2025-12-03,0.0547945205479452,1.0,0.0,23.630536102891824,2363.0536102891824,-29.52135665450568,2.7264320807857323,116.82461200415459,-50.56926513180434,93445.46298136936,95808.51659165854
2025-11-14,671.93,0.17164975758818662,683.0,2025-12-03,0.052054794520547946,1.0,0.0,22.983719811850506,2298.3719811850506,-30.91258831349468,2.8015775424024136,113.01982792252502,-51.05217385673681,93445.46298136936,95743.8349625544
2025-11-17,665.67,0.1866137936931086,683.0,2025-12-03,0.043835616438356165,1.0,0.0,25.410333400406728,2541.0333400406726,-47.66940603219547,2.5024411620761664,90.70948573854528,-52.89887893006521,93445.46298136936,95986.49632141003
2025-11-18,660.08,0.20168601821203722,683.0,2025-12-03,0.0410958904109589,1.0,0.0,29.123392719264814,2912.339271926481,-58.458975692443296,2.121986946327764,76.63197926951685,-51.5186625552541,93445.46298136936,96357.80225329584
2025-11-19,662.63,0.19548334080293545,683.0,2025-12-03,0.038356164383561646,1.0,0.0,26.661700882741144,2666.1700882741143,-55.97199883936859,2.3351729679702147,76.87872407611776,-53.67324935380917,93445.46298136936,96111.63306964347
2025-11-20,652.53,0.2151602210983336,683.0,2025-12-03,0.03561643835616438,1.0,0.0,34.01717887257638,3401.717887257638,-73.0242483868555,1.6378398643574483,53.44226711886797,-44.225576958814756,93445.46298136936,96847.180868627
2025-11-21,659.03,0.19790895310425832,683.0,2025-12-03,0.03287671232876712,1.0,0.0,28.015232177470168,2801.5232177470166,-67.17421123901657,2.0921121645204668,59.122005466838075,-48.75322586402568,93445.46298136936,96246.98619911638
2025-11-24,668.73,0.18197185302367713,683.0,2025-12-03,0.024657534246575342,1.0,0.0,19.433386120297087,1943.3386120297087,-53.13264817432235,3.2113366036636712,64.43788912375551,-65.14378938213358,93445.46298136936,95388.80159339907
2025-11-25,675.02,0.17189554471822943,683.0,2025-12-03,0.021917808219178082,1.0,0.0,15.231447032907482,1523.144703290748,-34.66341719710164,4.199188221431107,72.0875666443473,-77.4470720983859,93445.46298136936,94968.6076846601
2025-11-26,679.68,0.16477559981214654,683.0,2025-12-03,0.019178082191780823,1.0,0.0,12.686550193159121,1268.655019315912,-16.018544522042767,5.04043637205559,73.58261113464323,-86.60442061039122,93445.46298136936,94714.11800068527
2025-11-28,683.39,0.15808432840867714,683.0,2025-12-03,0.0136986301369863,1.0,0.0,10.090497114017012,1009.0497114017012,3.1989660534585296,6.305141125367572,63.76729711937181,-100.80610339552467,93445.46298136936,94454.51269277107
2025-12-01,680.27,0.1636227002029404,680.0,2025-12-31,0.0821917808219178,1.0,0.0,25.45474011657734,2545.474011657734,2.5462016145801902,2.4990778241948233,155.5300688638614,-42.413749717090454,91594.39859207752,94139.87260373525
2025-12-02,681.53,0.15972098283692687,680.0,2025-12-31,0.07945205479452055,1.0,0.0,24.482499251605418,2448.249925160542,5.774114504636008,2.5935900545467296,152.87567752847764,-42.099057701223344,91594.39859207752,94042.64851723806
2025-12-03,683.89,0.15417680162160846,680.0,2025-12-31,0.07671232876712329,1.0,0.0,23.440096290901465,2344.0096290901465,12.312644828978264,2.6995395172821226,149.3297696121027,-41.1128326172958,91594.39859207752,93938.40822116766
2025-12-04,684.39,0.1522233585157889,680.0,2025-12-31,0.07397260273972603,1.0,0.0,22.805406232566327,2280.540623256633,13.981045786110657,2.772573975787517,146.23207823547745,-41.222107540274024,91594.39859207752,93874.93921533415
2025-12-05,685.69,0.14748676620455625,680.0,2025-12-31,0.07123287671232877,1.0,0.0,21.923720634802464,2192.3720634802467,18.297359972863482,2.878024471380361,142.16204131348925,-40.32119182762511,91594.39859207752,93786.77065555776
2025-12-08,683.63,0.15530104566409425,680.0,2025-12-31,0.06301369863013699,1.0,0.0,21.404024803140317,2140.402480314032,12.401453654028744,2.9575936102638494,135.26644501178433,-45.66743555129305,91594.39859207752,93734.80107239155
2025-12-09,683.04,0.15249104290382787,680.0,2025-12-31,0.06027397260273973,1.0,0.0,20.500778364892767,2050.0778364892767,10.965428750238376,3.090703258902808,132.532910667806,-45.932004015485425,91594.39859207752,93644.47642856679
2025-12-10,687.57,0.14628651191717848,680.0,2025-12-31,0.057534246575342465,1.0,0.0,20.08763721101832,2008.7637211018318,26.09068136147559,3.1287331783117542,124.48960277855323,-43.359880381975344,91594.39859207752,93603.16231317935
2025-12-11,689.17,0.14084362493096717,680.0,2025-12-31,0.0547945205479452,1.0,0.0,19.47353905552407,1947.353905552407,32.75446816983394,3.211399145897013,117.71216324687724,-41.44751942538989,91594.39859207752,93541.75249762992
2025-12-12,681.76,0.14257397791909276,680.0,2025-12-31,0.052054794520547946,1.0,0.0,17.726798855206084,1772.6798855206084,7.6263977800734075,3.5813599643488727,123.5412557569225,-46.35202176416963,91594.39859207752,93367.07847759813
2025-12-15,680.73,0.14722436775492198,680.0,2025-12-31,0.043835616438356165,1.0,0.0,16.742529309824306,1674.2529309824306,4.005359646814255,3.797731350323326,113.5745008784965,-52.25291901536713,91594.39859207752,93268.65152305995
2025-12-16,678.87,0.14506017971172594,680.0,2025-12-31,0.0410958904109589,1.0,0.0,15.966639682703544,1596.6639682703544,-3.3384277435458634,3.993242283360258,109.70981965905288,-53.04842051961085,91594.39859207752,93191.06256034787
2025-12-17,671.4,0.15317231867308395,680.0,2025-12-31,0.038356164383561646,1.0,0.0,17.60648855175225,1760.648855175225,-31.766637474634486,3.643228035184428,96.48604100935192,-52.78210936067392,91594.39859207752,93355.04744725274
2025-12-18,676.47,0.14944464107000724,680.0,2025-12-31,0.03561643835616438,1.0,0.0,15.521120374069369,1552.112037406937,-13.53342343891979,4.121715415920289,100.39357493822017,-57.7049298937584,91594.39859207752,93146.51062948446
2025-12-19,680.59,0.13141785568249212,680.0,2025-12-31,0.03287671232876712,1.0,0.0,12.94235011872604,1294.235011872604,3.853122433757772,4.9141581517992705,98.34742983331722,-53.85253475241208,91594.39859207752,92888.63360395012
2025-12-22,684.83,0.12528981472217096,680.0,2025-12-31,0.024657534246575342,1.0,0.0,11.397839236611759,1139.7839236611758,28.831527400335723,5.53100916097778,80.13741768288494,-55.780012298899365,91594.39859207752,92734.18251573869
2025-12-23,687.96,0.1204377312636745,680.0,2025-12-31,0.021917808219178082,1.0,0.0,11.732633586879558,1173.2633586879558,49.178196993626244,5.225922255590357,65.29035179891245,-49.14638652542615,91594.39859207752,92767.66195076547
2025-12-24,690.38,0.11545303760761368,680.0,2025-12-31,0.019178082191780823,1.0,0.0,12.395244451345093,1239.5244451345093,66.0680431539541,4.579187056472635,48.325385487254614,-39.852232486160254,91594.39859207752,92833.92303721202
2025-12-26,690.31,0.11517363270123965,680.0,2025-12-31,0.0136986301369863,1.0,0.0,11.537125640485314,1153.7125640485315,73.85854750600345,4.5638062661361785,34.31197642376148,-39.518349698839,91594.39859207752,92748.11115612605
2025-12-29,687.85,0.11855286752667932,680.0,2025-12-31,0.005479452054794521,1.0,0.0,8.387343747238305,838.7343747238305,81.05879126930655,5.587249513883204,17.172548194178464,-50.896370778998886,91594.39859207752,92433.13296680135
2025-12-30,687.01,0.11861929771319218,680.0,2025-12-31,0.0027397260273972603,1.0,0.0,7.184377694626335,718.4377694626335,90.20667205308229,4.755842675403827,7.2948452075958805,-43.26547077257346,91594.39859207752,92312.83636154015
2025-12-31,681.92,0.12413387098518555,682.0,2026-01-30,0.0821917808219178,1.0,0.0,19.363457146055055,1936.3457146055055,1.156711644137598,3.2874298839344047,155.97034891028014,-32.268671948571814,89850.05287747202,91786.39859207752
2026-01-02,683.17,0.12122676265674551,683.0,2026-01-30,0.07671232876712329,1.0,0.0,18.299424423102494,1829.9424423102494,1.930709215257126,3.47738687975684,150.92954386264404,-32.67267855665645,89851.0451656201,91680.98760793035
2026-01-05,687.58,0.1250824430123399,683.0,2026-01-30,0.0684931506849315,1.0,0.0,18.270125668215428,1827.0125668215428,17.45406395141753,3.459683651801493,140.12846344373182,-35.05522108621469,89851.0451656201,91678.05773244165
